rank,city,total,urban,rural,year,rate
22,Afyonkarahisar,372.273,65.573,306.7,1950,
55,AÄrÄ±,155.455,21.209,134.246,1950,
53,Amasya,163.669,37.868,125.801,1950,
2,Ankara,819.693,348.552,471.141,1950,
30,Antalya,311.442,53.972,257.47,1950,
25,AydÄ±n,335.663,79.475,256.188,1950,
5,BalÄ±kesir,563.221,127.371,435.85,1950,
57,Bilecik,137.030,19.804,117.226,1950,
61,BingÃ¶l,97.328,9.122,88.206,1950,
62,Bitlis,88.634,18.947,69.687,1950,
31,Bolu,303.111,31.944,271.167,1950,
58,Burdur,136.555,24.131,112.424,1950,
6,Bursa,545.919,179.016,366.903,1950,
36,Ãanakkale,289.429,50.769,238.66,1950,
44,ÃankÄ±rÄ±,217.188,23.562,193.626,1950,
52,Ãoruh,174.977,16.494,158.483,1950,
23,Ãorum,341.353,52.006,289.347,1950,
24,Denizli,340.277,61.297,278.98,1950,
35,DiyarbakÄ±r,293.738,72.267,221.471,1950,
43,Edirne,221.268,56.354,164.914,1950,
45,ElazÄ±Ä,213.330,42.186,171.144,1950,
47,Erzincan,197.770,27.820,169.95,1950,
13,Erzurum,461.090,76.332,384.758,1950,
38,EskiÅehir,276.164,100.724,175.44,1950,
27,Gaziantep,328.343,120.015,208.328,1950,
32,Giresun,299.555,34.770,264.785,1950,
46,GÃ¼mÃ¼Åane,203.994,18.942,185.052,1950,
63,HakkÃ¢ri,44.207,6.191,38.016,1950,
34,Hatay,296.799,88.995,207.804,1950,
29,Ä°Ã§el,317.929,85.613,232.316,1950,
1,Ä°stanbul,1.166.477,1.002.085,164.392,1950,
3,Ä°zmir,768.411,359.372,409.039,1950,
49,Ä°sparta,186.316,46.129,140.187,1950,
18,Kars,410.236,55.287,354.949,1950,
17,Kastamonu,412.016,45.769,366.247,1950,
19,Kayseri,403.861,101.990,301.871,1950,
48,KÄ±rklareli,191.376,39.693,151.683,1950,
50,KÄ±rÅehir,181.899,31.862,150.037,1950,
12,Kocaeli,474.644,103.773,370.871,1950,
4,Konya,741.026,157.421,583.605,1950,
15,KÃ¼tahya,422.815,62.487,360.328,1950,
10,Malatya,483.568,96.054,387.514,1950,
8,Manisa,520.091,146.347,373.744,1950,
37,MaraÅ,288.843,54.000,234.843,1950,
39,Mardin,269.490,49.945,219.545,1950,
40,MuÄla,241.640,36.135,205.505,1950,
59,MuÅ,107.286,12.642,94.644,1950,
26,NiÄde,331.470,57.977,273.493,1950,
21,Ordu,373.028,32.922,340.106,1950,
51,Rize,181.512,25.600,155.912,1950,
11,Samsun,475.660,95.010,380.65,1950,
9,Seyhan,508.518,166.696,341.822,1950,
54,Siirt,156.703,29.561,127.142,1950,
41,Sinop,225.621,18.067,207.554,1950,
7,Sivas,542.004,92.352,449.652,1950,
42,TekirdaÄ,224.821,45.694,179.127,1950,
20,Tokat,388.923,67.888,321.035,1950,
16,Trabzon,420.279,46.089,374.19,1950,
60,Tunceli,105.759,11.895,93.864,1950,
33,Urfa,298.394,81.856,216.538,1950,
56,Van,145.944,26.155,119.789,1950,
28,Yozgat,324.469,31.208,293.261,1950,
14,Zonguldak,426.684,63.055,363.629,1950,
54,AdÄ±yaman,208.755,32.350,176.405,1955,
18,Afyonkarahisar,406.166,74.327,331.839,1955,
56,AÄrÄ±,181.348,33.373,147.975,1955,
48,Amasya,227.044,49.321,177.723,1955,
2,Ankara,1.120.864,551.364,569.5,1955,
27,Antalya,357.568,67.480,290.088,1955,
16,AydÄ±n,414.564,108.752,305.812,1955,
6,BalÄ±kesir,612.013,165.608,446.405,1955,
61,Bilecik,139.233,28.011,111.222,1955,
64,BingÃ¶l,113.341,13.054,100.287,1955,
65,Bitlis,111.187,28.465,82.722,1955,
35,Bolu,318.219,41.322,276.897,1955,
60,Burdur,157.183,34.385,122.798,1955,
7,Bursa,598.898,215.428,383.47,1955,
36,Ãanakkale,311.456,59.814,251.642,1955,
47,ÃankÄ±rÄ±,228.132,28.330,199.802,1955,
57,Ãoruh,176.845,20.882,155.963,1955,
19,Ãorum,401.547,62.953,338.594,1955,
25,Denizli,368.294,72.170,296.124,1955,
29,DiyarbakÄ±r,343.903,98.798,245.105,1955,
42,Edirne,252.190,73.516,178.674,1955,
44,ElazÄ±Ä,242.279,59.466,182.813,1955,
50,Erzincan,215.592,34.412,181.18,1955,
11,Erzurum,519.976,108.826,411.15,1955,
34,EskiÅehir,323.511,138.314,185.197,1955,
23,Gaziantep,376.969,153.699,223.27,1955,
32,Giresun,334.297,40.603,293.694,1955,
53,GÃ¼mÃ¼Åhane,211.563,23.124,188.439,1955,
66,HakkÃ¢ri,54.824,7.216,47.608,1955,
26,Hatay,363.631,129.341,234.29,1955,
24,Ä°Ã§el,371.667,113.182,258.485,1955,
51,Ä°sparta,212.080,66.864,145.216,1955,
1,Ä°stanbul,1.533.822,1.297.372,236.45,1955,
3,Ä°zmir,910.496,441.047,469.449,1955,
13,Kars,487.844,82.416,405.428,1955,
20,Kastamonu,393.739,49.886,343.853,1955,
15,Kayseri,422.010,128.262,293.748,1955,
49,KÄ±rklareli,222.856,60.565,162.291,1955,
41,Kocaeli,253.174,84.492,168.682,1955,
4,Konya,847.723,214.896,632.827,1955,
33,KÃ¼tahya,330.978,55.286,275.692,1955,
30,Malatya,342.835,90.882,251.953,1955,
9,Manisa,562.155,171.997,390.158,1955,
31,MaraÅ,336.797,66.963,269.834,1955,
37,Mardin,305.520,62.346,243.174,1955,
40,MuÄla,267.579,44.886,222.693,1955,
62,MuÅ,136.401,19.600,116.801,1955,
45,NevÅehir,239.054,55.808,183.246,1955,
39,NiÄde,285.448,46.960,238.488,1955,
17,Ordu,407.687,39.655,368.032,1955,
52,Rize,211.967,38.999,172.968,1955,
38,Sakarya,297.108,74.255,222.853,1955,
10,Samsun,549.156,122.260,426.896,1955,
5,Seyhan,628.505,238.327,390.178,1955,
55,Siirt,191.234,37.331,153.903,1955,
46,Sinop,239.027,21.736,217.291,1955,
8,Sivas,590.869,115.620,475.249,1955,
43,TekirdaÄ,251.071,55.846,195.225,1955,
22,Tokat,388.727,84.434,304.293,1955,
14,Trabzon,462.249,59.781,402.468,1955,
63,Tunceli,121.743,14.918,106.825,1955,
28,Urfa,348.199,102.450,245.749,1955,
59,UÅak,165.374,41.631,123.743,1955,
58,Van,175.250,33.469,141.781,1955,
21,Yozgat,391.880,42.963,348.917,1955,
12,Zonguldak,491.147,95.254,395.893,1955,
5,Adana,760.803,334.039,426.764,1960,
53,AdÄ±yaman,233.717,39.701,194.016,1960,
18,Afyonkarahisar,459.115,107.813,351.302,1960,
55,AÄrÄ±,215.118,41.320,173.798,1960,
45,Amasya,257.281,70.646,186.635,1960,
2,Ankara,1.321.380,783.851,537.529,1960,
26,Antalya,416.130,95.424,320.706,1960,
57,Artvin,196.301,25.357,170.944,1960,
17,AydÄ±n,467.341,141.686,325.655,1960,
7,BalÄ±kesir,670.669,206.661,464.008,1960,
63,Bilecik,145.699,30.913,114.786,1960,
65,BingÃ¶l,131.364,14.723,116.641,1960,
66,Bitlis,128.966,34.270,94.696,1960,
37,Bolu,353.004,54.136,298.868,1960,
60,Burdur,179.514,47.944,131.57,1960,
6,Bursa,693.894,262.362,431.532,1960,
38,Ãanakkale,337.610,71.757,265.853,1960,
52,ÃankÄ±rÄ±,241.452,38.460,202.992,1960,
19,Ãorum,446.389,83.894,362.495,1960,
25,Denizli,425.449,100.916,324.533,1960,
29,DiyarbakÄ±r,401.884,124.718,277.166,1960,
43,Edirne,276.479,86.542,189.937,1960,
42,ElazÄ±Ä,278.332,81.223,197.109,1960,
50,Erzincan,243.005,48.229,194.776,1960,
12,Erzurum,568.864,129.823,439.041,1960,
33,EskiÅehir,368.827,176.360,192.467,1960,
23,Gaziantep,434.579,195.816,238.763,1960,
32,Giresun,381.453,59.090,322.363,1960,
49,GÃ¼mÃ¼Åhane,243.115,24.798,218.317,1960,
67,HakkÃ¢ri,67.766,9.956,57.81,1960,
21,Hatay,441.209,167.885,273.324,1960,
51,Isparta,242.352,84.437,157.915,1960,
20,Ä°Ã§el,444.523,152.506,292.017,1960,
1,Ä°stanbul,1.882.092,1.506.040,376.052,1960,
3,Ä°zmir,1.063.490,548.327,515.163,1960,
13,Kars,543.600,96.427,447.173,1960,
24,Kastamonu,433.620,60.414,373.206,1960,
15,Kayseri,480.387,161.340,319.047,1960,
46,KÄ±rklareli,241.146,71.732,169.414,1960,
61,KÄ±rÅehir,175.749,36.558,139.191,1960,
41,Kocaeli,297.463,112.082,185.381,1960,
4,Konya,982.422,279.878,702.544,1960,
34,KÃ¼tahya,367.753,72.972,294.781,1960,
30,Malatya,394.172,120.478,273.694,1960,
9,Manisa,657.104,228.126,428.978,1960,
31,MaraÅ,389.857,85.828,304.029,1960,
36,Mardin,353.411,73.907,279.504,1960,
40,MuÄla,299.611,53.238,246.373,1960,
62,MuÅ,167.638,23.954,143.684,1960,
58,NevÅehir,187.398,41.190,146.208,1960,
39,NiÄde,322.917,59.695,263.222,1960,
16,Ordu,469.379,58.134,411.245,1960,
48,Rize,248.930,53.903,195.027,1960,
35,Sakarya,361.992,111.064,250.928,1960,
10,Samsun,654.602,162.970,491.632,1960,
54,Siirt,232.243,54.686,177.557,1960,
47,Sinop,249.730,30.381,219.349,1960,
8,Sivas,669.922,149.491,520.431,1960,
44,TekirdaÄ,274.806,84.896,189.91,1960,
22,Tokat,437.590,99.447,338.143,1960,
14,Trabzon,532.999,83.692,449.307,1960,
64,Tunceli,140.068,19.245,120.823,1960,
28,Urfa,401.919,123.916,278.003,1960,
58,UÅak,184.733,49.932,134.801,1960,
56,Van,211.034,42.881,168.153,1960,
27,Yozgat,402.400,52.557,349.843,1960,
11,Zonguldak,569.059,123.094,445.965,1960,
5,Adana,902.712,422.298,480.414,1965,%47 %53
47,AdÄ±yaman,267.288,51.463,215.825,1965,%19 %81
21,Afyonkarahisar,502.248,125.102,377.146,1965,%25 %75
56,AÄrÄ±,246.961,53.420,193.541,1965,%22 %78
45,Amasya,285.729,83.016,202.713,1965,%29 %71
2,Ankara,1.644.302,1.069.761,574.541,1965,%65 %35
23,Antalya,486.910,129.657,357.253,1965,%27 %73
57,Artvin,210.065,30.068,179.997,1965,%14 %86
17,AydÄ±n,524.918,165.953,358.965,1965,%32 %68
9,BalÄ±kesir,708.342,230.353,477.989,1965,%33 %67
66,Bilecik,139.041,36.356,102.685,1965,%26 %74
65,BingÃ¶l,150.521,20.401,130.12,1965,%14 %86
64,Bitlis,154.069,43.813,110.256,1965,%28 %72
37,Bolu,383.939,70.459,313.48,1965,%18 %82
61,Burdur,194.950,54.135,140.815,1965,%28 %72
7,Bursa,755.504,335.048,420.456,1965,%44 %56
39,Ãanakkale,350.317,81.753,268.564,1965,%23 %77
55,ÃankÄ±rÄ±,250.706,43.731,206.975,1965,%17 %83
24,Ãorum,485.567,97.032,388.535,1965,%20 %80
26,Denizli,463.369,117.739,345.63,1965,%25 %75
25,DiyarbakÄ±r,475.916,162.467,313.449,1965,%34 %66
43,Edirne,303.234,102.171,201.063,1965,%34 %66
42,ElazÄ±Ä,322.727,106.180,216.547,1965,%33 %67
53,Erzincan,258.586,57.397,201.189,1965,%22 %78
12,Erzurum,628.001,152.183,475.818,1965,%24 %76
33,EskiÅehir,415.101,200.332,214.769,1965,%48 %52
19,Gaziantep,511.026,244.215,266.811,1965,%48 %52
32,Giresun,428.015,75.069,352.946,1965,%18 %82
52,GÃ¼mÃ¼Åhane,262.731,31.957,230.774,1965,%12 %88
67,HakkÃ¢ri,83.937,14.132,69.805,1965,%17 %83
20,Hatay,506.154,203.610,302.544,1965,%40 %60
49,Isparta,266.240,96.551,169.689,1965,%36 %64
18,Ä°Ã§el,511.273,189.382,321.891,1965,%37 %63
1,Ä°stanbul,2.293.823,1.792.071,501.752,1965,%78 %22
3,Ä°zmir,1.234.667,621.553,613.114,1965,%50 %50
13,Kars,606.313,117.363,488.95,1965,%19 %81
29,Kastamonu,441.638,67.163,374.475,1965,%15 %85
16,Kayseri,536.206,191.221,344.985,1965,%36 %64
54,KÄ±rklareli,258.386,85.856,172.53,1965,%33 %67
60,KÄ±rÅehir,196.836,42.000,154.836,1965,%21 %79
40,Kocaeli,335.518,136.531,198.987,1965,%41 %59
4,Konya,1.122.622,354.578,768.044,1965,%32 %68
35,KÃ¼tahya,398.081,87.084,310.997,1965,%22 %78
27,Malatya,452.624,147.040,305.584,1965,%32 %68
8,Manisa,748.545,265.857,482.688,1965,%36 %64
30,MaraÅ,438.423,105.090,333.333,1965,%24 %76
36,Mardin,397.880,90.093,307.787,1965,%23 %77
41,MuÄla,334.973,59.330,275.643,1965,%18 %82
59,MuÅ,198.716,32.503,166.213,1965,%16 %84
58,NevÅehir,203.316,46.710,156.606,1965,%23 %77
38,NiÄde,362.444,69.956,292.488,1965,%19 %81
15,Ordu,543.863,83.585,460.278,1965,%15 %85
46,Rize,281.099,63.554,217.545,1965,%23 %77
34,Sakarya,404.078,124.936,279.142,1965,%31 %69
6,Samsun,755.946,197.103,558.843,1965,%26 %74
51,Siirt,264.832,75.520,189.312,1965,%29 %71
50,Sinop,266.069,38.068,228.001,1965,%14 %86
10,Sivas,705.186,168.685,536.501,1965,%24 %76
44,TekirdaÄ,287.381,96.897,190.484,1965,%34 %66
22,Tokat,495.352,123.403,371.949,1965,%25 %75
14,Trabzon,595.782,108.492,487.29,1965,%18 %82
63,Tunceli,154.175,23.240,130.935,1965,%15 %85
28,Urfa,450.798,150.383,300.415,1965,%33 %67
62,UÅak,190.536,57.133,133.403,1965,%30 %70
48,Van,266.840,60.686,206.154,1965,%23 %77
31,Yozgat,437.883,67.466,370.417,1965,%15 %85
11,Zonguldak,650.191,157.463,492.728,1965,%24 %76
5,Adana,1.035.377,525.668,509.709,1970,%51 %49
48,AdÄ±yaman,303.511,70.398,233.113,1970,%23 %77
23,Afyonkarahisar,542.111,150.778,391.333,1970,%28 %72
51,AÄrÄ±,290.311,72.573,217.738,1970,%25 %75
47,Amasya,307.025,97.088,209.937,1970,%32 %68
2,Ankara,2.041.658,1.467.304,574.354,1970,%72 %28
21,Antalya,577.334,176.008,401.326,1970,%30 %70
59,Artvin,225.869,39.436,186.433,1970,%17 %83
22,AydÄ±n,564.802,186.856,377.946,1970,%33 %67
9,BalÄ±kesir,749.669,261.626,488.043,1970,%35 %65
66,Bilecik,138.856,43.601,95.255,1970,%31 %69
64,BingÃ¶l,177.951,35.451,142.5,1970,%20 %80
63,Bitlis,185.473,59.939,125.534,1970,%32 %68
38,Bolu,403.766,84.321,319.445,1970,%21 %79
61,Burdur,210.335,61.708,148.627,1970,%29 %71
6,Bursa,847.884,416.662,431.222,1970,%49 %51
42,Ãanakkale,360.764,97.305,263.459,1970,%27 %73
55,ÃankÄ±rÄ±,261.367,53.747,207.62,1970,%21 %79
27,Ãorum,518.366,124.283,394.083,1970,%24 %76
28,Denizli,511.160,141.309,369.851,1970,%28 %72
20,DiyarbakÄ±r,581.208,238.504,342.704,1970,%41 %59
45,Edirne,316.425,119.978,196.447,1970,%38 %62
40,ElazÄ±Ä,376.915,151.555,225.36,1970,%40 %60
53,Erzincan,276.122,78.195,197.927,1970,%28 %72
12,Erzurum,684.951,196.821,488.13,1970,%29 %71
31,EskiÅehir,459.367,245.905,213.462,1970,%54 %46
16,Gaziantep,606.540,330.082,276.458,1970,%54 %46
34,Giresun,451.679,90.906,360.773,1970,%20 %80
52,GÃ¼mÃ¼Åhane,282.238,45.070,237.168,1970,%16 %84
67,HakkÃ¢ri,102.312,20.794,81.518,1970,%20 %80
18,Hatay,591.064,242.052,349.012,1970,%41 %59
50,Isparta,300.029,114.296,185.733,1970,%38 %62
19,Ä°Ã§el,590.943,246.300,344.643,1970,%42 %58
1,Ä°stanbul,3.019.032,2.203.337,815.695,1970,%73 %27
3,Ä°zmir,1.427.173,753.041,674.132,1970,%53 %47
13,Kars,660.018,153.241,506.777,1970,%23 %77
35,Kastamonu,446.601,82.101,364.5,1970,%18 %82
17,Kayseri,598.693,236.824,361.869,1970,%40 %60
56,KÄ±rklareli,257.131,92.581,164.55,1970,%36 %64
60,KÄ±rÅehir,214.932,54.669,160.263,1970,%25 %75
39,Kocaeli,385.408,188.185,197.223,1970,%49 %51
4,Konya,1.280.239,455.707,824.532,1970,%36 %64
36,KÃ¼tahya,439.967,110.209,329.758,1970,%25 %75
29,Malatya,510.979,179.647,331.332,1970,%35 %65
8,Manisa,805.650,299.202,506.448,1970,%37 %63
26,KahramanmaraÅ,528.982,165.056,363.926,1970,%31 %69
33,Mardin,453.092,119.852,333.24,1970,%26 %74
41,MuÄla,368.776,70.596,298.18,1970,%19 %81
57,MuÅ,234.250,44.889,189.361,1970,%19 %81
58,NevÅehir,229.830,57.545,172.285,1970,%25 %75
37,NiÄde,408.441,85.772,322.669,1970,%21 %79
15,Ordu,608.721,118.041,490.68,1970,%19 %81
46,Rize,315.700,72.714,242.986,1970,%23 %77
32,Sakarya,459.052,152.277,306.775,1970,%33 %67
7,Samsun,821.183,235.716,585.467,1970,%29 %71
44,Siirt,320.684,111.206,209.478,1970,%35 %65
54,Sinop,265.655,46.382,219.273,1970,%17 %83
11,Sivas,731.921,211.374,520.547,1970,%29 %71
49,TekirdaÄ,302.946,117.351,185.595,1970,%39 %61
24,Tokat,540.855,146.623,394.232,1970,%27 %73
14,Trabzon,659.120,138.435,520.685,1970,%21 %79
65,Tunceli,157.293,29.363,127.93,1970,%19 %81
25,Urfa,538.131,205.524,332.607,1970,%38 %62
62,UÅak,207.512,69.926,137.586,1970,%34 %66
43,Van,325.763,88.227,237.536,1970,%27 %73
30,Yozgat,464.410,88.065,376.345,1970,%19 %81
10,Zonguldak,743.654,220.904,522.75,1970,%30 %70
5,Adana,1.240.475,706.186,534.289,1975,%57 %43
45,AdÄ±yaman,346.892,100.722,246.170,1975,%29 %71
26,Afyonkarahisar,579.171,169.494,409.677,1975,%29 %71
48,AÄrÄ±,330.201,92.386,237.815,1975,%28 %72
49,Amasya,322.806,115.480,207.326,1975,%36 %64
2,Ankara,2.585.293,1.997.980,587.313,1975,%77 %23
19,Antalya,669.357,223.089,446.268,1975,%33 %67
61,Artvin,228.026,42.496,185.530,1975,%19 %81
23,AydÄ±n,609.869,214.505,395.364,1975,%35 %65
10,BalÄ±kesir,789.255,294.827,494.428,1975,%37 %63
66,Bilecik,137.120,47.219,89.901,1975,%34 %66
64,BingÃ¶l,210.804,45.961,164.843,1975,%22 %78
63,Bitlis,218.305,76.702,141.603,1975,%35 %65
39,Bolu,428.704,96.780,331.924,1975,%23 %77
62,Burdur,222.896,71.071,151.825,1975,%32 %68
6,Bursa,961.639,507.106,454.533,1975,%53 %47
44,Ãanakkale,369.385,107.825,261.560,1975,%29 %71
57,ÃankÄ±rÄ±,265.468,62.444,203.024,1975,%24 %76
29,Ãorum,547.580,145.969,401.611,1975,%27 %73
28,Denizli,560.916,171.586,389.330,1975,%31 %69
21,DiyarbakÄ±r,651.233,281.960,369.273,1975,%43 %57
46,Edirne,340.732,135.792,204.940,1975,%40 %60
40,ElazÄ±Ä,417.924,175.675,242.249,1975,%42 %58
53,Erzincan,283.683,85.184,198.499,1975,%30 %70
11,Erzurum,746.666,241.467,505.199,1975,%32 %68
33,EskiÅehir,495.097,292.110,202.987,1975,%59 %41
15,Gaziantep,715.939,427.017,288.922,1975,%60 %40
36,Giresun,463.587,108.838,354.749,1975,%23 %77
52,GÃ¼mÃ¼Åhane,293.673,46.519,247.154,1975,%16 %84
67,HakkÃ¢ri,126.036,30.332,95.704,1975,%24 %76
12,Hatay,744.113,311.307,432.806,1975,%42 %58
50,Isparta,322.685,132.240,190.445,1975,%41 %59
16,Ä°Ã§el,714.817,332.900,381.917,1975,%47 %53
1,Ä°stanbul,3.904.588,2.648.006,1.256.582,1975,%68 %32
3,Ä°zmir,1.673.966,905.059,768.907,1975,%54 %46
17,Kars,707.398,170.777,536.621,1975,%24 %76
38,Kastamonu,438.243,87.603,350.640,1975,%20 %80
18,Kayseri,676.809,295.582,381.227,1975,%44 %56
54,KÄ±rklareli,268.399,109.309,159.090,1975,%41 %59
59,KÄ±rÅehir,232.853,70.532,162.321,1975,%30 %70
34,Kocaeli,477.736,255.557,222.179,1975,%53 %47
4,Konya,1.422.461,555.172,867.289,1975,%39 %61
35,KÃ¼tahya,470.423,136.621,333.802,1975,%29 %71
27,Malatya,574.558,215.250,359.308,1975,%37 %63
8,Manisa,872.375,341.489,530.886,1975,%39 %61
22,KahramanmaraÅ,641.480,220.710,420.770,1975,%34 %66
30,Mardin,519.687,155.876,363.811,1975,%30 %70
41,MuÄla,400.796,85.011,315.785,1975,%21 %79
56,MuÅ,267.203,54.723,212.480,1975,%20 %80
58,NevÅehir,249.308,68.634,180.674,1975,%28 %72
37,NiÄde,463.121,109.094,354.027,1975,%24 %76
20,Ordu,664.290,148.737,515.553,1975,%22 %78
47,Rize,336.278,82.708,253.570,1975,%25 %75
32,Sakarya,495.649,172.210,323.439,1975,%35 %65
7,Samsun,906.381,290.207,616.174,1975,%32 %68
43,Siirt,381.503,148.521,232.982,1975,%39 %61
55,Sinop,267.605,53.839,213.766,1975,%20 %80
13,Sivas,741.713,238.318,503.395,1975,%32 %68
51,TekirdaÄ,319.987,137.332,182.655,1975,%43 %57
24,Tokat,599.166,175.446,423.720,1975,%29 %71
14,Trabzon,719.008,171.570,547.438,1975,%24 %76
65,Tunceli,164.591,35.332,129.259,1975,%21 %79
25,Urfa,597.277,264.119,333.158,1975,%44 %56
60,UÅak,229.679,86.817,142.862,1975,%38 %62
42,Van,386.314,115.830,270.484,1975,%30 %70
31,Yozgat,500.371,108.543,391.828,1975,%22 %78
9,Zonguldak,836.156,263.365,572.791,1975,%32 %69
5,Adana,1.485.743,842.845,642.898,1980,%57 %43
46,AdÄ±yaman,367.595,116.986,250.609,1980,%32 %68
28,Afyonkarahisar,597.516,191.298,406.218,1980,%32 %68
45,AÄrÄ±,368.009,108.414,259.595,1980,%29 %71
51,Amasya,341.287,128.077,213.210,1980,%38 %62
2,Ankara,2.854.689,2.238.967,615.722,1980,%78 %22
18,Antalya,748.706,280.837,467.869,1980,%38 %62
63,Artvin,228.997,46.208,182.789,1980,%20 %80
23,AydÄ±n,652.488,245.329,407.159,1980,%38 %62
11,BalÄ±kesir,853.177,344.368,508.809,1980,%40 %60
67,Bilecik,147.001,56.981,90.020,1980,%39 %61
64,BingÃ¶l,228.702,54.997,173.705,1980,%24 %76
58,Bitlis,257.908,93.757,164.151,1980,%36 %64
38,Bolu,471.751,113.569,358.182,1980,%24 %76
62,Burdur,235.009,84.983,150.026,1980,%36 %64
6,Bursa,1.148.492,636.910,511.582,1980,%55 %45
44,Ãanakkale,391.568,126.703,264.865,1980,%32 %68
57,ÃankÄ±rÄ±,258.436,69.325,189.111,1980,%27 %73
30,Ãorum,571.831,167.273,404.558,1980,%29 %71
26,Denizli,603.338,205.938,397.400,1980,%34 %66
16,DiyarbakÄ±r,778.150,374.264,403.886,1980,%48 %52
47,Edirne,363.286,153.236,210.050,1980,%42 %58
42,ElazÄ±Ä,440.808,187.025,253.783,1980,%42 %58
54,Erzincan,282.022,95.228,186.794,1980,%34 %66
14,Erzurum,801.809,285.182,516.627,1980,%36 %64
33,EskiÅehir,543.802,343.923,199.879,1980,%63 %37
13,Gaziantep,808.697,512.745,295.952,1980,%63 %37
37,Giresun,480.083,127.111,352.972,1980,%26 %74
56,GÃ¼mÃ¼Åhane,275.191,51.404,223.787,1980,%19 %81
66,HakkÃ¢ri,155.463,44.118,111.345,1980,%28 %72
10,Hatay,856.271,366.550,489.721,1980,%43 %57
50,Isparta,350.116,158.251,191.865,1980,%45 %55
12,Ä°Ã§el,843.931,424.544,419.387,1980,%50 %50
1,Ä°stanbul,4.741.890,2.909.455,1.832.435,1980,%61 %39
3,Ä°zmir,1.976.763,1.059.183,917.580,1980,%54 %46
22,Kars,700.238,172.119,528.119,1980,%25 %75
40,Kastamonu,450.946,99.680,351.266,1980,%22 %78
15,Kayseri,778.383,380.352,398.031,1980,%49 %51
53,KÄ±rklareli,283.408,118.849,164.559,1980,%42 %58
61,KÄ±rÅehir,240.497,83.965,156.532,1980,%35 %65
29,Kocaeli,596.899,318.026,278.873,1980,%53 %47
4,Konya,1.562.139,672.695,889.444,1980,%43 %57
36,KÃ¼tahya,497.089,162.031,335.058,1980,%33 %67
25,Malatya,606.996,241.560,365.436,1980,%40 %60
9,Manisa,941.941,396.297,545.644,1980,%42 %58
19,KahramanmaraÅ,738.032,281.382,456.650,1980,%38 %62
31,Mardin,564.967,192.004,372.963,1980,%34 %66
43,MuÄla,438.145,100.314,337.831,1980,%23 %77
52,MuÅ,302.406,71.077,231.329,1980,%24 %77
59,NevÅehir,256.933,77.404,179.529,1980,%30 %70
34,NiÄde,512.071,140.415,371.656,1980,%27 %73
21,Ordu,713.535,169.820,543.715,1980,%24 %76
48,Rize,361.258,96.152,265.106,1980,%27 %73
32,Sakarya,548.747,195.069,353.678,1980,%36 %64
7,Samsun,1.008.113,345.200,662.913,1980,%34 %66
41,Siirt,445.483,183.804,261.679,1980,%41 %59
55,Sinop,276.242,57.443,218.799,1980,%21 %79
17,Sivas,750.144,273.215,476.929,1980,%36 %64
49,TekirdaÄ,360.742,167.270,193.472,1980,%46 %54
24,Tokat,624.508,200.231,424.277,1980,%32 %68
20,Trabzon,731.045,186.580,544.465,1980,%26 %74
65,Tunceli,157.974,36.184,121.790,1980,%23 %77
27,Urfa,602.736,282.419,320.317,1980,%47 %53
60,UÅak,247.224,103.474,143.750,1980,%42 %58
39,Van,468.646,156.852,311.794,1980,%33 %67
35,Yozgat,504.433,124.297,380.136,1980,%25 %75
8,Zonguldak,954.512,312.843,641.669,1980,%33 %67
5,Adana,1.725.940,1.142.201,583.739,1985,%66 %34
44,AdÄ±yaman,430.728,150.991,279.737,1985,%35 %65
28,Afyon,666.978,229.790,437.188,1985,%34 %66
45,AÄrÄ±,421.131,141.852,279.279,1985,%34 %66
51,Amasya,358.289,148.614,209.675,1985,%41 %59
2,Ankara,3.306.327,2.737.209,569.118,1985,%83 %17
15,Antalya,891.149,397.712,493.437,1985,%45 %55
64,Artvin,226.338,58.302,168.036,1985,%26 %74
23,AydÄ±n,743.419,302.311,441.108,1985,%41 %59
14,BalÄ±kesir,910.282,407.585,502.697,1985,%45 %55
66,Bilecik,160.909,71.521,89.388,1985,%44 %56
63,BingÃ¶l,241.548,61.199,180.349,1985,%25 %75
53,Bitlis,300.843,119.626,181.217,1985,%40 %60
39,Bolu,504.778,143.787,360.991,1985,%28 %72
62,Burdur,248.002,98.907,149.095,1985,%40 %60
6,Bursa,1.324.015,840.094,483.921,1985,%63 %37
46,Ãanakkale,417.121,148.108,269.013,1985,%36 %64
60,ÃankÄ±rÄ±,263.964,84.494,179.47,1985,%32 %68
32,Ãorum,599.204,200.431,398.773,1985,%33 %67
27,Denizli,667.478,248.673,418.805,1985,%37 %63
13,DiyarbakÄ±r,934.505,472.055,462.45,1985,%51 %49
48,Edirne,389.638,178.610,211.028,1985,%46 %54
42,ElazÄ±Ä,483.715,233.621,250.094,1985,%48 %52
54,Erzincan,299.985,112.307,187.678,1985,%37 %63
17,Erzurum,856.175,350.955,505.22,1985,%41 %59
33,EskiÅehir,597.397,404.236,193.161,1985,%68 %32
12,Gaziantep,966.490,642.938,323.552,1985,%67 %33
40,Giresun,502.151,160.995,341.156,1985,%32 %68
56,GÃ¼mÃ¼Åhane,283.753,68.793,214.96,1985,%24 %76
65,HakkÃ¢ri,182.645,55.563,127.082,1985,%30 %70
11,Hatay,1.002.252,428.845,573.407,1985,%43 %57
49,Isparta,382.844,183.298,199.546,1985,%48 %52
10,Ä°Ã§el,1.034.085,566.419,467.666,1985,%55 %45
1,Ä°stanbul,5.842.985,5.560.908,282.077,1985,%95 %5
3,Ä°zmir,2.317.829,1.800.797,517.032,1985,%78 %22
25,Kars,722.431,196.700,525.731,1985,%27 %73
43,Kastamonu,450.353,122.350,328.003,1985,%27 %73
16,Kayseri,864.060,488.556,375.504,1985,%57 %43
55,KÄ±rklareli,297.098,134.780,162.318,1985,%45 %55
61,KÄ±rÅehir,260.156,103.483,156.673,1985,%40 %60
24,Kocaeli,742.245,411.917,330.328,1985,%56 %45
4,Konya,1.769.050,852.457,916.593,1985,%48 %52
37,KÃ¼tahya,543.384,199.499,343.885,1985,%37 %63
29,Malatya,665.809,307.623,358.186,1985,%46 %54
8,Manisa,1.050.130,481.897,568.233,1985,%46 %54
18,KahramanmaraÅ,840.472,342.428,498.044,1985,%41 %59
30,Mardin,652.069,244.000,408.069,1985,%37 %63
41,MuÄla,486.290,136.160,350.13,1985,%28 %72
52,MuÅ,339.492,78.477,261.015,1985,%23 %77
58,NevÅehir,278.129,94.871,183.258,1985,%34 %66
34,NiÄde,560.386,172.556,387.83,1985,%31 %69
22,Ordu,763.857,220.067,543.79,1985,%29 %71
50,Rize,374.206,111.368,262.838,1985,%30 %70
31,Sakarya,610.500,227.625,382.875,1985,%37 %63
7,Samsun,1.108.710,408.622,700.088,1985,%37 %63
38,Siirt,524.741,237.014,287.727,1985,%45 %55
57,Sinop,280.140,70.543,209.597,1985,%25 %75
21,Sivas,772.209,315.336,456.873,1985,%41 %59
47,TekirdaÄ,402.721,205.678,197.043,1985,%51 %49
26,Tokat,679.071,246.126,432.945,1985,%36 %64
20,Trabzon,786.194,239.553,546.641,1985,%30 %70
67,Tunceli,151.906,43.085,108.821,1985,%28 %72
19,ÅanlÄ±urfa,795.034,401.450,393.584,1985,%50 %50
59,UÅak,271.261,126.078,145.183,1985,%46 %54
35,Van,547.216,189.269,357.947,1985,%35 %65
36,Yozgat,545.301,151.610,393.691,1985,%28 %72
9,Zonguldak,1.044.945,350.832,694.113,1985,%34 %66
4,Adana,1.934.907,1.350.339,584.568,1990,%69 %31
39,AdÄ±yaman,513.131,219.304,293.827,1990,%41 %59
26,Afyon,739.223,306.209,433.014,1990,%40 %60
43,AÄrÄ±,437.093,158.758,278.335,1990,%33 %67
54,Aksaray,326.399,144.217,182.182,1990,%43 %57
49,Amasya,357.191,162.544,194.647,1990,%44 %56
2,Ankara,3.236.626,2.836.719,399.907,1990,%87 %13
11,Antalya,1.132.211,602.194,530.017,1990,%52 %48
68,Artvin,212.833,66.097,146.736,1990,%28 %72
22,AydÄ±n,824.816,384.711,440.105,1990,%46 %54
16,BalÄ±kesir,973.314,468.758,504.556,1990,%48 %53
52,Batman,344.669,193.621,151.048,1990,%55 %45
73,Bayburt,107.330,41.295,66.035,1990,%35 %65
69,Bilecik,175.526,90.373,85.153,1990,%49 %51
65,BingÃ¶l,250.966,86.648,164.318,1990,%32 %68
53,Bitlis,330.115,142.947,187.168,1990,%41 %59
38,Bolu,536.869,203.122,333.747,1990,%36 %64
64,Burdur,254.899,129.112,125.787,1990,%48 %52
6,Bursa,1.603.137,1.157.805,445.332,1990,%72 %28
45,Ãanakkale,432.263,168.529,263.734,1990,%37 %63
60,ÃankÄ±rÄ±,279.129,113.855,165.274,1990,%38 %62
33,Ãorum,609.863,253.804,356.059,1990,%40 %60
25,Denizli,750.882,337.793,413.089,1990,%44 %56
13,DiyarbakÄ±r,1.094.996,600.640,494.356,1990,%53 %47
47,Edirne,404.599,210.421,194.178,1990,%50 %50
41,ElazÄ±Ä,498.225,272.790,225.435,1990,%53 %47
57,Erzincan,299.251,144.144,155.107,1990,%44 %56
20,Erzurum,848.201,400.348,447.853,1990,%44 %56
31,EskiÅehir,641.057,477.436,163.621,1990,%74 %26
10,Gaziantep,1.140.594,821.127,319.467,1990,%71 %29
40,Giresun,499.087,219.114,279.973,1990,%41 %59
71,GÃ¼mÃ¼Åhane,169.375,58.996,110.379,1990,%31 %69
70,HakkÃ¢ri,172.479,71.099,101.38,1990,%36 %64
12,Hatay,1.109.754,531.707,578.047,1990,%48 %52
44,Isparta,434.771,229.574,205.197,1990,%50 %50
7,Ä°Ã§el,1.266.995,787.284,479.711,1990,%62 %38
1,Ä°stanbul,7.309.190,6.753.929,555.261,1990,%93 %7
3,Ä°zmir,2.694.770,2.134.816,559.954,1990,%79 %21
19,KahramanmaraÅ,892.952,407.215,485.737,1990,%45 %55
67,Karaman,217.536,106.051,111.485,1990,%48 %52
30,Kars,662.155,209.463,452.692,1990,%28 %72
46,Kastamonu,423.611,148.710,274.901,1990,%33 %67
17,Kayseri,943.484,604.072,339.412,1990,%63 %37
50,KÄ±rÄ±kkale,349.396,243.378,106.018,1990,%69 %31
55,KÄ±rklareli,309.512,149.532,159.98,1990,%46 %54
63,KÄ±rÅehir,256.862,126.406,130.456,1990,%48 %52
18,Kocaeli,936.163,582.559,353.604,1990,%62 %38
5,Konya,1.750.303,963.128,787.175,1990,%54 %46
35,KÃ¼tahya,578.020,241.999,336.021,1990,%41 %59
28,Malatya,702.055,379.188,322.867,1990,%53 %47
9,Manisa,1.154.418,590.374,564.044,1990,%50 %50
37,Mardin,557.727,249.032,308.695,1990,%43 %57
36,MuÄla,562.809,186.397,376.412,1990,%32 %68
48,MuÅ,376.543,101.154,275.389,1990,%26 %74
59,NevÅehir,289.509,112.955,176.554,1990,%37 %63
56,NiÄde,305.861,97.286,208.575,1990,%31 %69
21,Ordu,830.105,336.820,493.285,1990,%39 %61
51,Rize,348.776,133.370,215.406,1990,%36 %64
29,Sakarya,683.061,297.759,385.302,1990,%43 %57
8,Samsun,1.158.400,525.305,633.095,1990,%44 %56
66,Siirt,243.435,110.139,133.296,1990,%44 %56
61,Sinop,265.153,86.314,178.839,1990,%31 %69
24,Sivas,767.481,381.947,385.534,1990,%47 %53
15,ÅanlÄ±urfa,1.001.455,551.124,450.331,1990,%54 %46
62,ÅÄ±rnak,262.006,125.264,136.742,1990,%47 %53
42,TekirdaÄ,468.842,258.940,209.902,1990,%54 %46
27,Tokat,719.251,308.304,410.947,1990,%42 %58
23,Trabzon,795.849,303.612,492.237,1990,%36 %64
72,Tunceli,133.143,50.799,82.344,1990,%35 %65
58,UÅak,290.283,146.809,143.474,1990,%49 %51
32,Van,637.433,258.967,378.466,1990,%39 %61
34,Yozgat,579.150,208.183,370.967,1990,%35 %65
14,Zonguldak,1.073.560,411.617,661.943,1990,%37 %63
6,Adana,1.849.478,1.397.853,451.625,2000,%76 %24
35,AdÄ±yaman,623.811,338.939,284.872,2000,%54 %46
27,Afyon,812.416,371.868,440.548,2000,%46 %54
40,AÄrÄ±,528.744,252.309,276.435,2000,%48 %52
48,Aksaray,396.084,200.216,195.868,2000,%51 %49
53,Amasya,365.231,196.621,168.61,2000,%54 %46
2,Ankara,4.007.860,3.540.522,467.338,2000,%88 %12
7,Antalya,1.719.751,936.240,783.511,2000,%54 %46
78,Ardahan,133.756,39.725,94.031,2000,%30 %70
73,Artvin,191.934,84.198,107.736,2000,%44 %56
20,AydÄ±n,950.757,493.114,457.643,2000,%52 %48
16,BalÄ±kesir,1.076.347,577.595,498.752,2000,%54 %46
75,BartÄ±n,184.178,48.002,136.176,2000,%26 %74
45,Batman,456.734,304.166,152.568,2000,%67 %33
80,Bayburt,97.358,41.356,56.002,2000,%42 %58
72,Bilecik,194.326,124.380,69.946,2000,%64 %36
66,BingÃ¶l,253.739,123.470,130.269,2000,%49 %51
49,Bitlis,388.678,219.511,169.167,2000,%56 %44
62,Bolu,270.654,142.685,127.969,2000,%53 %47
65,Burdur,256.803,139.897,116.906,2000,%54 %46
5,Bursa,2.125.140,1.630.940,494.2,2000,%77 %23
43,Ãanakkale,464.975,215.571,249.404,2000,%46 %54
63,ÃankÄ±rÄ±,270.355,141.186,129.169,2000,%52 %48
38,Ãorum,597.065,311.897,285.168,2000,%52 %48
25,Denizli,850.029,413.914,436.115,2000,%49 %51
10,DiyarbakÄ±r,1.362.708,817.692,545.016,2000,%60 %40
60,DÃ¼zce,314.266,130.632,183.634,2000,%42 %58
47,Edirne,402.606,230.908,171.698,2000,%57 %43
39,ElazÄ±Ä,569.616,364.274,205.342,2000,%64 %36
59,Erzincan,316.841,172.206,144.635,2000,%54 %46
21,Erzurum,937.389,560.551,376.838,2000,%60 %40
31,EskiÅehir,706.009,557.028,148.981,2000,%79 %21
11,Gaziantep,1.285.249,1.009.126,276.123,2000,%79 %21
41,Giresun,523.819,283.316,240.503,2000,%54 %46
74,GÃ¼mÃ¼Åhane,186.953,77.570,109.383,2000,%41 %59
69,HakkÃ¢ri,236.581,139.455,97.126,2000,%59 %41
13,Hatay,1.253.726,581.341,672.385,2000,%46 %54
76,IÄdÄ±r,168.634,81.582,87.052,2000,%48 %52
42,Isparta,513.681,301.561,212.12,2000,%59 %41
1,Ä°stanbul,10.018.735,9.085.599,933.136,2000,%91 %9
3,Ä°zmir,3.370.866,2.732.669,638.197,2000,%81 %19
18,KahramanmaraÅ,1.002.384,536.007,466.377,2000,%53 %47
71,KarabÃ¼k,225.102,157.756,67.346,2000,%70 %30
68,Karaman,243.210,139.912,103.298,2000,%58 %42
57,Kars,325.016,142.145,182.871,2000,%44 %56
51,Kastamonu,375.476,174.020,201.456,2000,%46 %54
17,Kayseri,1.060.432,732.354,328.078,2000,%69 %31
50,KÄ±rÄ±kkale,383.508,285.294,98.214,2000,%74 %26
56,KÄ±rklareli,328.461,189.202,139.259,2000,%58 %42
67,KÄ±rÅehir,253.239,147.412,105.827,2000,%58 %42
79,Kilis,114.724,74.985,39.739,2000,%65 %35
15,Kocaeli,1.206.085,722.905,483.18,2000,%60 %40
4,Konya,2.192.166,1.294.817,897.349,2000,%59 %41
34,KÃ¼tahya,656.903,318.869,338.034,2000,%49 %51
24,Malatya,853.658,499.713,353.945,2000,%59 %41
12,Manisa,1.260.169,714.760,545.409,2000,%57 %43
32,Mardin,705.098,391.249,313.849,2000,%55 %45
8,Mersin,1.651.400,999.220,652.18,2000,%61 %39
30,MuÄla,715.328,268.341,446.987,2000,%38 %62
46,MuÅ,453.654,159.503,294.151,2000,%35 %65
61,NevÅehir,309.914,136.523,173.391,2000,%44 %56
55,NiÄde,348.081,126.812,221.269,2000,%36 %64
22,Ordu,887.765,416.631,471.134,2000,%47 %53
44,Osmaniye,458.782,311.994,146.788,2000,%68 %32
52,Rize,365.938,205.245,160.693,2000,%56 %44
28,Sakarya,756.168,459.824,296.344,2000,%61 %39
14,Samsun,1.209.137,635.254,573.883,2000,%53 %47
64,Siirt,263.676,153.522,110.154,2000,%58 %42
70,Sinop,225.574,101.285,124.289,2000,%45 %55
29,Sivas,755.091,421.804,333.287,2000,%56 %44
9,ÅanlÄ±urfa,1.443.422,842.129,601.293,2000,%58 %42
54,ÅÄ±rnak,353.197,211.328,141.869,2000,%60 %40
36,TekirdaÄ,623.591,395.377,228.214,2000,%63 %37
26,Tokat,828.027,401.762,426.265,2000,%49 %51
19,Trabzon,975.137,478.954,496.183,2000,%49 %51
81,Tunceli,93.584,54.476,39.108,2000,%58 %42
58,UÅak,322.313,182.040,140.273,2000,%56 %44
23,Van,877.524,446.976,430.548,2000,%51 %49
77,Yalova,168.593,98.661,69.932,2000,%59 %41
33,Yozgat,682.919,315.156,367.763,2000,%46 %54
37,Zonguldak,615.599,250.282,365.317,2000,%41 %59
5,Adana,2.006.650,1.611.262,395.388,2007,%80 %20
36,AdÄ±yaman,582.762,329.060,253.702,2007,%56 %44
31,Afyonkarahisar,701.572,355.073,346.499,2007,%51 %49
39,AÄrÄ±,530.879,282.361,248.518,2007,%53 %47
49,Aksaray,366.109,204.808,161.301,2007,%56 %44
54,Amasya,328.674,201.331,127.343,2007,%61 %39
2,Ankara,4.466.756,4.140.890,325.866,2007,%93 %7
7,Antalya,1.789.295,1.127.634,661.661,2007,%63 %37
79,Ardahan,112.721,35.835,76.886,2007,%32 %68
76,Artvin,168.092,91.860,76.232,2007,%55 %45
20,AydÄ±n,946.971,536.758,410.213,2007,%57 %43
17,BalÄ±kesir,1.118.313,649.423,468.890,2007,%58 %42
72,BartÄ±n,182.131,58.788,123.343,2007,%32 %68
42,Batman,472.487,342.452,130.035,2007,%72 %28
81,Bayburt,76.609,37.473,39.136,2007,%49 %51
70,Bilecik,203.777,145.126,58.651,2007,%71 %29
63,BingÃ¶l,251.552,141.703,109.849,2007,%56 %44
55,Bitlis,327.886,179.260,148.626,2007,%55 %45
62,Bolu,270.417,157.938,112.479,2007,%58 %42
64,Burdur,251.181,148.789,102.392,2007,%59 %41
4,Bursa,2.439.876,1.979.999,459.877,2007,%81 %19
41,Ãanakkale,476.128,247.443,228.685,2007,%52 %48
75,ÃankÄ±rÄ±,174.012,106.087,67.925,2007,%61 %39
37,Ãorum,549.828,340.916,208.912,2007,%62 %38
21,Denizli,907.325,460.747,446.578,2007,%51 %49
11,DiyarbakÄ±r,1.460.714,855.389,605.325,2007,%59 %41
56,DÃ¼zce,323.328,157.894,165.434,2007,%49 %51
48,Edirne,396.462,259.809,136.653,2007,%66 %34
38,ElazÄ±Ä,541.258,389.774,151.484,2007,%72 %28
69,Erzincan,213.538,114.437,99.101,2007,%54 %46
23,Erzurum,784.941,485.563,299.378,2007,%62 %38
28,EskiÅehir,724.849,625.453,99.396,2007,%86 %14
9,Gaziantep,1.560.023,1.342.518,217.505,2007,%86 %14
45,Giresun,417.505,240.367,177.138,2007,%58 %42
77,GÃ¼mÃ¼Åhane,130.825,60.781,70.044,2007,%46 %54
65,HakkÃ¢ri,246.469,136.124,110.345,2007,%55 %45
13,Hatay,1.386.224,681.665,704.559,2007,%49 %51
73,IÄdÄ±r,181.866,97.054,84.812,2007,%53 %47
44,Isparta,419.845,274.204,145.641,2007,%65 %35
1,Ä°stanbul,12.573.836,11.174.257,1.399.579,2007,%89 %11
3,Ä°zmir,3.739.353,3.175.133,564.220,2007,%85 %15
18,KahramanmaraÅ,1.004.414,584.726,419.688,2007,%58 %42
68,KarabÃ¼k,218.463,164.072,54.391,2007,%75 %25
66,Karaman,226.049,147.210,78.839,2007,%65 %35
58,Kars,312.205,134.726,177.479,2007,%43 %57
50,Kastamonu,360.366,184.685,175.681,2007,%51 %49
16,Kayseri,1.165.088,895.253,269.835,2007,%77 %23
78,Kilis,118.457,82.419,36.038,2007,%70 %30
60,KÄ±rÄ±kkale,280.234,230.189,50.045,2007,%82 %18
52,KÄ±rklareli,333.256,212.390,120.866,2007,%64 %36
67,KÄ±rÅehir,223.170,147.073,76.097,2007,%66 %34
12,Kocaeli,1.437.926,894.242,543.684,2007,%62 %38
6,Konya,1.959.082,1.412.343,546.739,2007,%72 %28
35,KÃ¼tahya,583.910,350.255,233.655,2007,%60 %40
29,Malatya,722.065,462.569,259.496,2007,%64 %36
14,Manisa,1.319.920,841.059,478.861,2007,%64 %36
25,Mardin,745.778,428.611,317.167,2007,%57 %43
8,Mersin,1.595.938,1.056.331,539.607,2007,%66 %34
24,MuÄla,766.156,310.527,455.629,2007,%41 %59
47,MuÅ,405.509,142.913,262.596,2007,%35 %65
61,NevÅehir,280.058,145.037,135.021,2007,%52 %48
53,NiÄde,331.677,149.696,181.981,2007,%45 %55
30,Ordu,715.409,395.283,320.126,2007,%55 %45
43,Osmaniye,452.880,323.536,129.344,2007,%71 %29
57,Rize,316.252,197.167,119.085,2007,%62 %38
22,Sakarya,835.222,594.114,241.108,2007,%71 %29
15,Samsun,1.228.959,725.111,503.848,2007,%59 %41
10,ÅanlÄ±urfa,1.523.099,919.832,603.267,2007,%60 %40
59,Siirt,291.528,173.770,117.758,2007,%60 %40
71,Sinop,198.412,99.872,98.540,2007,%50 %50
46,ÅÄ±rnak,416.001,256.352,159.649,2007,%62 %38
32,Sivas,638.464,415.961,222.503,2007,%65 %35
27,TekirdaÄ,728.396,494.342,234.054,2007,%68 %32
33,Tokat,620.722,350.914,269.808,2007,%57 %43
26,Trabzon,740.569,396.646,343.923,2007,%54 %46
80,Tunceli,84.022,54.369,29.653,2007,%65 %35
51,UÅak,334.115,217.267,116.848,2007,%65 %35
19,Van,979.671,511.678,467.993,2007,%52 %48
74,Yalova,181.758,122.075,59.683,2007,%67 %33
40,Yozgat,492.127,265.531,226.596,2007,%54 %46
34,Zonguldak,615.890,274.275,341.615,2007,%45 %55
5,Adana,2.026.319,1.763.351,262.968,2008,%87 %13
35,AdÄ±yaman,585.067,329.965,255.102,2008,%56 %44
31,Afyonkarahisar,697.365,355.753,341.612,2008,%51 %49
39,AÄrÄ±,532.180,265.714,266.466,2008,%50 %50
49,Aksaray,370.598,213.288,157.31,2008,%58 %42
56,Amasya,323.675,201.575,122.1,2008,%62 %38
2,Ankara,4.548.939,4.395.888,153.051,2008,%97 %3
7,Antalya,1.859.275,1.273.940,585.335,2008,%69 %31
79,Ardahan,112.242,36.502,75.74,2008,%33 %67
76,Artvin,166.584,89.614,76.97,2008,%54 %46
20,AydÄ±n,965.500,556.700,408.8,2008,%58 %42
17,BalÄ±kesir,1.130.276,662.199,468.077,2008,%59 %41
73,BartÄ±n,185.368,59.736,125.632,2008,%32 %68
40,Batman,485.616,349.045,136.571,2008,%72 %28
81,Bayburt,75.675,36.912,38.763,2008,%49 %51
72,Bilecik,193.169,137.677,55.492,2008,%71 %29
64,BingÃ¶l,256.091,137.286,118.805,2008,%54 %46
55,Bitlis,326.897,168.824,158.073,2008,%52 %48
62,Bolu,268.882,169.486,99.396,2008,%63 %37
65,Burdur,247.437,145.409,102.028,2008,%59 %41
4,Bursa,2.507.963,2.204.874,303.089,2008,%88 %12
42,Ãanakkale,474.791,248.008,226.783,2008,%52 %48
75,ÃankÄ±rÄ±,176.093,106.949,69.144,2008,%61 %39
38,Ãorum,545.444,345.352,200.092,2008,%63 %37
21,Denizli,917.836,620.193,297.643,2008,%68 %32
11,DiyarbakÄ±r,1.492.828,1.051.511,441.317,2008,%70 %30
54,DÃ¼zce,328.611,184.022,144.589,2008,%56 %44
48,Edirne,394.644,262.039,132.605,2008,%66 %34
37,ElazÄ±Ä,547.562,384.034,163.528,2008,%70 %30
69,Erzincan,210.645,113.231,97.414,2008,%54 %46
24,Erzurum,774.967,485.107,289.86,2008,%63 %37
28,EskiÅehir,741.739,653.663,88.076,2008,%88 %12
8,Gaziantep,1.612.223,1.410.286,201.937,2008,%87 %13
45,Giresun,421.766,235.647,186.119,2008,%56 %44
77,GÃ¼mÃ¼Åhane,131.367,57.921,73.446,2008,%44 %56
63,HakkÃ¢ri,258.590,143.225,115.365,2008,%55 %45
13,Hatay,1.413.287,683.991,729.296,2008,%48 %52
74,IÄdÄ±r,184.025,94.407,89.618,2008,%51 %49
46,Isparta,407.463,264.855,142.608,2008,%65 %35
1,Ä°stanbul,12.697.164,12.569.041,128.123,2008,%99 %1
3,Ä°zmir,3.795.978,3.450.537,345.441,2008,%91 %9
18,KahramanmaraÅ,1.029.298,598.471,430.827,2008,%58 %42
68,KarabÃ¼k,216.248,163.365,52.883,2008,%76 %24
66,Karaman,230.145,151.822,78.323,2008,%66 %34
58,Kars,312.128,130.625,181.503,2008,%42 %58
50,Kastamonu,360.424,184.228,176.196,2008,%51 %49
16,Kayseri,1.184.386,1.001.449,182.937,2008,%85 %15
78,Kilis,120.991,82.747,38.244,2008,%68 %32
61,KÄ±rÄ±kkale,279.325,230.354,48.971,2008,%82 %18
52,KÄ±rklareli,336.942,218.071,118.871,2008,%65 %35
67,KÄ±rÅehir,222.735,149.382,73.353,2008,%67 %33
12,Kocaeli,1.490.358,1.392.733,97.625,2008,%93 %7
6,Konya,1.969.868,1.423.546,546.322,2008,%72 %28
36,KÃ¼tahya,565.884,347.073,218.811,2008,%61 %39
29,Malatya,733.789,492.411,241.378,2008,%67 %33
14,Manisa,1.316.750,843.999,472.751,2008,%64 %36
26,Mardin,750.697,422.537,328.16,2008,%56 %44
9,Mersin,1.602.908,1.229.431,373.477,2008,%77 %23
23,MuÄla,791.424,329.126,462.298,2008,%42 %58
47,MuÅ,404.309,138.089,266.22,2008,%34 %66
60,NevÅehir,281.699,146.349,135.35,2008,%52 %48
51,NiÄde,338.447,151.924,186.523,2008,%45 %55
30,Ordu,719.278,384.066,335.212,2008,%53 %47
43,Osmaniye,464.704,332.394,132.31,2008,%72 %28
57,Rize,319.410,189.704,129.706,2008,%59 %41
22,Sakarya,851.292,622.046,229.246,2008,%73 %27
15,Samsun,1.233.677,776.385,457.292,2008,%63 %37
10,ÅanlÄ±urfa,1.574.224,885.929,688.295,2008,%56 %44
59,Siirt,299.819,178.960,120.859,2008,%60 %40
70,Sinop,200.791,101.383,99.408,2008,%50 %50
44,ÅÄ±rnak,429.287,270.744,158.543,2008,%63 %37
32,Sivas,631.112,405.769,225.343,2008,%64 %36
25,TekirdaÄ,770.772,521.554,249.218,2008,%68 %32
34,Tokat,617.158,346.058,271.1,2008,%56 %44
27,Trabzon,748.982,390.797,358.185,2008,%52 %48
80,Tunceli,86.449,55.655,30.794,2008,%64 %36
53,UÅak,334.111,217.567,116.544,2008,%65 %35
19,Van,1.004.369,514.481,489.888,2008,%51 %49
71,Yalova,197.412,131.599,65.813,2008,%67 %33
41,Yozgat,484.206,266.639,217.567,2008,%55 %45
33,Zonguldak,619.151,274.504,344.647,2008,%44 %56
5,Adana,2.062.226,1.805.145,257.081,2009,%88 %12
35,AdÄ±yaman,588.475,338.617,249.858,2009,%58 %42
31,Afyonkarahisar,701.326,363.717,337.609,2009,%52 %48
39,AÄrÄ±,537.665,269.147,268.518,2009,%50 %50
49,Aksaray,376.907,223.727,153.18,2009,%59 %41
56,Amasya,324.268,205.310,118.958,2009,%63 %37
2,Ankara,4.650.802,4.513.921,136.881,2009,%97 %3
7,Antalya,1.919.729,1.331.743,587.986,2009,%69 %31
79,Ardahan,108.169,34.548,73.621,2009,%32 %68
76,Artvin,165.580,90.008,75.572,2009,%54 %46
20,AydÄ±n,979.155,573.884,405.271,2009,%59 %41
17,BalÄ±kesir,1.140.085,678.732,461.353,2009,%60 %40
73,BartÄ±n,188.449,63.234,125.215,2009,%34 %66
40,Batman,497.998,362.154,135.844,2009,%73 %27
81,Bayburt,74.710,36.941,37.769,2009,%49 %51
71,Bilecik,202.061,148.330,53.731,2009,%73 %27
64,BingÃ¶l,255.745,138.574,117.171,2009,%54 %46
55,Bitlis,328.489,168.988,159.501,2009,%51 %49
62,Bolu,271.545,170.071,101.474,2009,%63 %37
65,Burdur,251.550,151.158,100.392,2009,%60 %40
4,Bursa,2.550.645,2.249.974,300.671,2009,%88 %12
42,Ãanakkale,477.735,255.220,222.515,2009,%53 %47
74,ÃankÄ±rÄ±,185.019,111.944,73.075,2009,%61 %40
38,Ãorum,540.704,350.477,190.227,2009,%65 %35
21,Denizli,926.362,630.997,295.365,2009,%68 %32
12,DiyarbakÄ±r,1.515.011,1.079.160,435.851,2009,%71 %29
53,DÃ¼zce,335.156,190.625,144.531,2009,%57 %43
48,Edirne,395.463,264.213,131.25,2009,%67 %33
37,ElazÄ±Ä,550.667,392.722,157.945,2009,%71 %29
69,Erzincan,213.288,118.695,94.593,2009,%56 %44
25,Erzurum,774.207,491.038,283.169,2009,%63 %37
27,EskiÅehir,755.427,669.444,85.983,2009,%89 %11
8,Gaziantep,1.653.670,1.454.097,199.573,2009,%88 %12
45,Giresun,421.860,242.584,179.276,2009,%58 %43
77,GÃ¼mÃ¼Åhane,130.976,58.535,72.441,2009,%45 %55
63,HakkÃ¢ri,256.761,141.632,115.129,2009,%55 %45
13,Hatay,1.448.418,715.653,732.765,2009,%49 %51
75,IÄdÄ±r,183.486,94.685,88.801,2009,%52 %48
46,Isparta,420.796,280.154,140.642,2009,%67 %33
1,Ä°stanbul,12.915.158,12.782.960,132.198,2009,%99 %1
3,Ä°zmir,3.868.308,3.525.202,343.106,2009,%91 %9
18,KahramanmaraÅ,1.037.491,605.531,431.96,2009,%58 %42
68,KarabÃ¼k,218.564,167.550,51.014,2009,%77 %23
66,Karaman,231.872,155.932,75.94,2009,%67 %33
58,Kars,306.536,126.127,180.409,2009,%41 %59
50,Kastamonu,359.823,189.984,169.839,2009,%53 %47
16,Kayseri,1.205.872,1.027.279,178.593,2009,%85 %15
78,Kilis,122.104,84.299,37.805,2009,%69 %31
61,KÄ±rÄ±kkale,280.834,232.990,47.844,2009,%83 %17
54,KÄ±rklareli,333.179,217.144,116.035,2009,%65 %35
67,KÄ±rÅehir,223.102,154.205,68.897,2009,%69 %31
11,Kocaeli,1.522.408,1.422.752,99.656,2009,%93 %7
6,Konya,1.992.675,1.450.682,541.993,2009,%73 %27
36,KÃ¼tahya,571.804,358.725,213.079,2009,%63 %37
29,Malatya,736.884,468.310,268.574,2009,%64 %36
14,Manisa,1.331.957,868.809,463.148,2009,%65 %35
28,Mardin,737.852,422.284,315.568,2009,%57 %43
9,Mersin,1.640.888,1.270.621,370.267,2009,%77 %23
23,MuÄla,802.381,339.757,462.624,2009,%42 %58
47,MuÅ,404.484,139.332,265.152,2009,%34 %66
60,NevÅehir,284.025,151.689,132.336,2009,%53 %47
51,NiÄde,339.921,158.398,181.523,2009,%47 %53
30,Ordu,723.507,399.035,324.472,2009,%55 %45
43,Osmaniye,471.804,339.559,132.245,2009,%72 %28
57,Rize,319.569,195.569,124.0,2009,%61 %39
22,Sakarya,861.570,633.158,228.412,2009,%73 %27
15,Samsun,1.250.076,802.011,448.065,2009,%64 %36
10,ÅanlÄ±urfa,1.613.737,899.774,713.963,2009,%56 %44
59,Siirt,303.622,183.924,119.698,2009,%61 %39
72,Sinop,201.134,102.678,98.456,2009,%51 %49
44,ÅÄ±rnak,430.424,271.436,158.988,2009,%63 %37
32,Sivas,633.347,417.756,215.591,2009,%66 %34
24,TekirdaÄ,783.310,530.278,253.032,2009,%68 %32
33,Tokat,624.439,356.246,268.193,2009,%57 %43
26,Trabzon,765.127,408.103,357.024,2009,%53 %47
80,Tunceli,83.061,53.704,29.357,2009,%65 %35
52,UÅak,335.860,221.714,114.146,2009,%66 %34
19,Van,1.022.310,527.525,494.785,2009,%52 %48
70,Yalova,202.531,132.803,69.728,2009,%66 %34
41,Yozgat,487.365,271.270,216.095,2009,%56 %44
34,Zonguldak,619.812,280.316,339.496,2009,%45 %55
5,Adana,2.085.225,1.836.432,248.793,2010,%88 %12
35,AdÄ±yaman,590.935,347.236,243.699,2010,%59 %41
31,Afyonkarahisar,697.559,365.421,332.138,2010,%52 %48
38,AÄrÄ±,542.022,275.785,266.237,2010,%51 %49
49,Aksaray,377.505,228.060,149.445,2010,%60 %40
54,Amasya,334.786,219.541,115.245,2010,%66 %34
2,Ankara,4.771.716,4.641.256,130.46,2010,%97 %3
7,Antalya,1.978.333,1.392.974,585.359,2010,%70 %30
79,Ardahan,105.454,33.701,71.753,2010,%32 %68
76,Artvin,164.759,89.960,74.799,2010,%55 %45
20,AydÄ±n,989.862,588.552,401.31,2010,%59 %41
17,BalÄ±kesir,1.152.323,694.926,457.397,2010,%60 %40
73,BartÄ±n,187.758,63.984,123.774,2010,%34 %66
40,Batman,510.200,373.388,136.812,2010,%73 %27
81,Bayburt,74.412,37.537,36.875,2010,%50 %50
68,Bilecik,225.381,173.389,51.992,2010,%77 %23
64,BingÃ¶l,255.170,138.069,117.101,2010,%54 %46
56,Bitlis,328.767,168.787,159.98,2010,%51 %49
62,Bolu,271.208,169.962,101.246,2010,%63 %37
63,Burdur,258.868,159.508,99.36,2010,%62 %38
4,Bursa,2.605.495,2.308.574,296.921,2010,%89 %11
41,Ãanakkale,490.397,269.035,221.362,2010,%55 %45
75,ÃankÄ±rÄ±,179.067,110.222,68.845,2010,%62 %38
39,Ãorum,535.405,355.015,180.39,2010,%66 %34
21,Denizli,931.823,641.093,290.73,2010,%69 %31
12,DiyarbakÄ±r,1.528.958,1.090.172,438.786,2010,%71 %29
51,DÃ¼zce,338.188,194.128,144.06,2010,%57 %43
48,Edirne,390.428,261.920,128.508,2010,%67 %33
37,ElazÄ±Ä,552.646,400.675,151.971,2010,%73 %28
69,Erzincan,224.949,134.028,90.921,2010,%60 %40
25,Erzurum,769.085,489.486,279.599,2010,%64 %36
26,EskiÅehir,764.584,681.854,82.73,2010,%89 %11
8,Gaziantep,1.700.763,1.501.566,199.197,2010,%88 %12
46,Giresun,419.256,245.381,173.875,2010,%59 %41
77,GÃ¼mÃ¼Åhane,129.618,61.162,68.456,2010,%47 %53
65,HakkÃ¢ri,251.302,136.050,115.252,2010,%54 %46
13,Hatay,1.480.571,743.439,737.132,2010,%50 %50
74,IÄdÄ±r,184.418,95.550,88.868,2010,%52 %48
44,Isparta,448.298,311.064,137.234,2010,%69 %31
1,Ä°stanbul,13.255.685,13.120.596,135.089,2010,%99 %1
3,Ä°zmir,3.948.848,3.606.326,342.522,2010,%91 %9
18,KahramanmaraÅ,1.044.816,636.828,407.988,2010,%61 %39
67,KarabÃ¼k,227.610,177.189,50.421,2010,%78 %22
66,Karaman,232.633,159.834,72.799,2010,%69 %31
58,Kars,301.766,123.452,178.314,2010,%41 %59
50,Kastamonu,361.222,195.059,166.163,2010,%54 %46
16,Kayseri,1.234.651,1.064.164,170.487,2010,%86 %14
78,Kilis,123.135,85.923,37.212,2010,%70 %30
61,KÄ±rÄ±kkale,276.647,233.073,43.574,2010,%84 %16
55,KÄ±rklareli,332.791,219.333,113.458,2010,%66 %34
70,KÄ±rÅehir,221.876,156.731,65.145,2010,%71 %29
11,Kocaeli,1.560.138,1.459.772,100.366,2010,%94 %6
6,Konya,2.013.845,1.486.653,527.192,2010,%74 %26
36,KÃ¼tahya,590.496,383.572,206.924,2010,%65 %35
29,Malatya,740.643,480.144,260.499,2010,%65 %35
14,Manisa,1.379.484,924.267,455.217,2010,%67 %33
28,Mardin,744.606,428.899,315.707,2010,%58 %42
10,Mersin,1.647.899,1.281.048,366.851,2010,%78 %22
23,MuÄla,817.503,350.050,467.453,2010,%43 %57
47,MuÅ,406.886,143.624,263.262,2010,%35 %65
60,NevÅehir,282.337,154.103,128.234,2010,%55 %45
53,NiÄde,337.931,163.237,174.694,2010,%48 %52
30,Ordu,719.183,404.390,314.793,2010,%56 %44
42,Osmaniye,479.221,346.707,132.514,2010,%72 %28
57,Rize,319.637,197.520,122.117,2010,%62 %38
22,Sakarya,872.872,646.899,225.973,2010,%74 %26
15,Samsun,1.252.693,816.576,436.117,2010,%65 %35
9,ÅanlÄ±urfa,1.663.371,922.539,740.832,2010,%55 %45
59,Siirt,300.695,181.410,119.285,2010,%60 %40
72,Sinop,202.740,107.275,95.465,2010,%53 %47
45,ÅÄ±rnak,430.109,269.494,160.615,2010,%63 %37
32,Sivas,642.224,433.932,208.292,2010,%68 %32
24,TekirdaÄ,798.109,545.481,252.628,2010,%68 %32
34,Tokat,617.802,363.944,253.858,2010,%59 %41
27,Trabzon,763.714,415.652,348.062,2010,%54 %46
80,Tunceli,76.699,47.531,29.168,2010,%62 %38
52,UÅak,338.019,225.570,112.449,2010,%67 %33
19,Van,1.035.418,539.619,495.799,2010,%52 %48
71,Yalova,203.741,139.388,64.353,2010,%68 %32
43,Yozgat,476.096,268.349,207.747,2010,%56 %44
33,Zonguldak,619.703,287.321,332.382,2010,%46 %54
5,Adana,2.108.805,1.864.591,244.214,2011,%88 %12
35,AdÄ±yaman,593.931,356.595,237.336,2011,%60 %40
31,Afyonkarahisar,698.626,370.411,328.215,2011,%53 %47
38,AÄrÄ±,555.479,290.904,264.575,2011,%52 %48
49,Aksaray,378.823,233.005,145.818,2011,%62 %38
56,Amasya,323.079,210.947,112.132,2011,%65 %35
2,Ankara,4.890.893,4.762.116,128.777,2011,%97 %3
6,Antalya,2.043.482,1.450.209,593.273,2011,%71 %29
79,Ardahan,107.455,37.424,70.031,2011,%35 %65
76,Artvin,166.394,91.886,74.508,2011,%55 %45
20,AydÄ±n,999.163,599.973,399.19,2011,%60 %40
17,BalÄ±kesir,1.154.314,701.213,453.101,2011,%61 %39
74,BartÄ±n,187.291,65.856,121.435,2011,%35 %65
40,Batman,524.499,388.523,135.976,2011,%74 %26
81,Bayburt,76.724,40.354,36.37,2011,%53 %47
71,Bilecik,203.849,153.017,50.832,2011,%75 %25
64,BingÃ¶l,262.263,147.081,115.182,2011,%56 %44
55,Bitlis,336.624,178.788,157.836,2011,%53 %47
61,Bolu,276.506,175.553,100.953,2011,%63 %37
65,Burdur,250.527,152.408,98.119,2011,%61 %39
4,Bursa,2.652.126,2.359.804,292.322,2011,%89 %11
41,Ãanakkale,486.445,268.082,218.363,2011,%55 %45
75,ÃankÄ±rÄ±,177.211,113.191,64.02,2011,%64 %36
39,Ãorum,534.578,361.244,173.334,2011,%68 %32
21,Denizli,942.278,655.322,286.956,2011,%70 %30
12,DiyarbakÄ±r,1.570.943,1.132.351,438.592,2011,%72 %28
51,DÃ¼zce,342.146,198.756,143.39,2011,%58 %42
48,Edirne,399.316,272.294,127.022,2011,%68 %32
37,ElazÄ±Ä,558.556,410.625,147.931,2011,%74 %26
69,Erzincan,215.277,125.324,89.953,2011,%58 %42
26,Erzurum,780.847,505.254,275.593,2011,%65 %35
25,EskiÅehir,781.247,700.355,80.892,2011,%90 %10
8,Gaziantep,1.753.596,1.556.149,197.447,2011,%89 %11
45,Giresun,419.498,248.547,170.951,2011,%59 %41
77,GÃ¼mÃ¼Åhane,132.374,64.082,68.292,2011,%48 %52
63,HakkÃ¢ri,272.165,153.860,118.305,2011,%57 %43
13,Hatay,1.474.223,732.802,741.421,2011,%50 %50
73,IÄdÄ±r,188.857,99.550,89.307,2011,%53 %47
47,Isparta,411.245,277.327,133.918,2011,%67 %33
1,Ä°stanbul,13.624.240,13.483.052,141.188,2011,%99 %1
3,Ä°zmir,3.965.232,3.623.540,341.692,2011,%91 %9
18,KahramanmaraÅ,1.054.210,656.783,397.427,2011,%62 %38
68,KarabÃ¼k,219.728,169.698,50.03,2011,%77 %23
66,Karaman,234.005,162.487,71.518,2011,%69 %31
59,Kars,305.755,129.047,176.708,2011,%42 %58
50,Kastamonu,359.759,197.704,162.055,2011,%55 %45
15,Kayseri,1.255.349,1.090.530,164.819,2011,%87 %13
78,Kilis,124.452,87.939,36.513,2011,%71 %29
62,KÄ±rÄ±kkale,274.992,233.768,41.224,2011,%85 %15
52,KÄ±rklareli,340.199,229.000,111.199,2011,%67 %33
67,KÄ±rÅehir,221.015,158.179,62.836,2011,%72 %28
11,Kocaeli,1.601.720,1.499.958,101.762,2011,%94 %6
7,Konya,2.038.555,1.527.937,510.618,2011,%75 %25
36,KÃ¼tahya,564.264,362.274,201.99,2011,%64 %36
28,Malatya,757.930,498.588,259.342,2011,%66 %34
14,Manisa,1.340.074,891.084,448.99,2011,%67 %34
27,Mardin,764.033,446.226,317.807,2011,%58 %42
10,Mersin,1.667.939,1.303.018,364.921,2011,%78 %22
23,MuÄla,838.324,362.513,475.811,2011,%43 %57
46,MuÅ,414.706,152.064,262.642,2011,%37 %63
60,NevÅehir,283.247,157.462,125.785,2011,%56 %44
54,NiÄde,337.553,168.596,168.957,2011,%50 %50
30,Ordu,714.390,409.288,305.102,2011,%57 %43
42,Osmaniye,485.357,354.054,131.303,2011,%73 %27
57,Rize,323.012,202.636,120.376,2011,%63 %37
22,Sakarya,888.556,664.813,223.743,2011,%75 %25
16,Samsun,1.251.729,827.796,423.933,2011,%66 %34
9,ÅanlÄ±urfa,1.716.254,951.925,764.329,2011,%55 %45
58,Siirt,310.468,189.854,120.614,2011,%61 %39
72,Sinop,203.027,109.807,93.22,2011,%54 %46
44,ÅÄ±rnak,457.997,290.307,167.69,2011,%63 %37
32,Sivas,627.056,425.297,201.759,2011,%68 %32
24,TekirdaÄ,829.873,572.359,257.514,2011,%69 %31
34,Tokat,608.299,358.872,249.427,2011,%59 %41
29,Trabzon,757.353,421.504,335.849,2011,%56 %44
80,Tunceli,85.062,56.112,28.95,2011,%66 %34
53,UÅak,339.731,228.785,110.946,2011,%67 %33
19,Van,1.022.532,526.725,495.807,2011,%52 %48
70,Yalova,206.535,142.881,63.654,2011,%69 %31
43,Yozgat,465.696,269.439,196.257,2011,%58 %42
33,Zonguldak,612.406,286.032,326.374,2011,%47 %53
5,Adana,2.125.635,1.886.624,239.011,2012,%89 %11
35,AdÄ±yaman,595.261,365.381,229.88,2012,%61 %39
31,Afyonkarahisar,703.948,377.845,326.103,2012,%54 %46
38,AÄrÄ±,552.404,292.525,259.879,2012,%53 %47
57,Amasya,322.283,211.474,110.809,2012,%66 %34
2,Ankara,4.965.542,4.842.136,123.406,2012,%98 %2
6,Antalya,2.092.537,1.492.674,599.863,2012,%71 %29
76,Artvin,167.082,93.673,73.409,2012,%56 %44
20,AydÄ±n,1.006.541,611.846,394.695,2012,%61 %39
17,BalÄ±kesir,1.160.731,711.743,448.988,2012,%61 %39
71,Bilecik,204.116,154.952,49.164,2012,%76 %24
64,BingÃ¶l,262.507,150.166,112.341,2012,%57 %43
55,Bitlis,337.253,182.939,154.314,2012,%54 %46
61,Bolu,281.080,181.613,99.467,2012,%65 %35
65,Burdur,254.341,157.690,96.651,2012,%62 %38
4,Bursa,2.688.171,2.402.012,286.159,2012,%89 %11
41,Ãanakkale,493.691,278.055,215.636,2012,%56 %44
75,ÃankÄ±rÄ±,184.406,115.415,68.991,2012,%63 %37
40,Ãorum,529.975,365.526,164.449,2012,%69 %31
21,Denizli,950.557,670.812,279.745,2012,%71 %29
12,DiyarbakÄ±r,1.592.167,1.155.258,436.909,2012,%73 %27
48,Edirne,399.708,276.579,123.129,2012,%69 %31
37,ElazÄ±Ä,562.703,418.991,143.712,2012,%74 %26
69,Erzincan,217.886,129.439,88.447,2012,%59 %41
26,Erzurum,778.195,509.474,268.721,2012,%65 %35
25,EskiÅehir,789.750,710.830,78.92,2012,%90 %10
8,Gaziantep,1.799.558,1.604.933,194.625,2012,%89 %11
45,Giresun,419.555,248.957,170.598,2012,%59 %41
77,GÃ¼mÃ¼Åhane,135.216,67.514,67.702,2012,%50 %50
62,HakkÃ¢ri,279.982,156.109,123.873,2012,%56 %44
13,Hatay,1.483.674,742.590,741.084,2012,%50 %50
46,Isparta,416.663,283.459,133.204,2012,%68 %32
10,Mersin,1.682.848,1.327.870,354.978,2012,%79 %21
1,Ä°stanbul,13.854.740,13.710.512,144.228,2012,%99 %1
3,Ä°zmir,4.005.459,3.661.930,343.529,2012,%91 %9
59,Kars,304.821,131.235,173.586,2012,%43 %57
50,Kastamonu,359.808,202.006,157.802,2012,%56 %44
15,Kayseri,1.274.968,1.116.393,158.575,2012,%88 %12
53,KÄ±rklareli,341.218,232.154,109.064,2012,%68 %32
68,KÄ±rÅehir,221.209,161.978,59.231,2012,%73 %27
11,Kocaeli,1.634.691,1.527.407,107.284,2012,%93 %7
7,Konya,2.052.281,1.563.863,488.418,2012,%76 %24
36,KÃ¼tahya,573.421,375.267,198.154,2012,%65 %35
28,Malatya,762.366,504.793,257.573,2012,%66 %34
14,Manisa,1.346.162,904.513,441.649,2012,%67 %33
18,KahramanmaraÅ,1.063.174,675.589,387.585,2012,%64 %36
27,Mardin,773.026,458.112,314.914,2012,%59 %41
24,MuÄla,851.145,373.937,477.208,2012,%44 %56
47,MuÅ,413.260,154.472,258.788,2012,%37 %63
60,NevÅehir,285.190,162.228,122.962,2012,%57 %43
54,NiÄde,340.270,173.480,166.79,2012,%51 %49
30,Ordu,741.371,423.295,318.076,2012,%57 %43
56,Rize,324.152,207.631,116.521,2012,%64 %36
22,Sakarya,902.267,680.637,221.63,2012,%75 %25
16,Samsun,1.251.722,840.399,411.323,2012,%67 %33
58,Siirt,310.879,191.703,119.176,2012,%62 %38
72,Sinop,201.311,109.787,91.524,2012,%55 %45
32,Sivas,623.535,428.426,195.109,2012,%69 %31
23,TekirdaÄ,852.321,589.049,263.272,2012,%69 %31
33,Tokat,613.990,358.494,255.496,2012,%58 %42
29,Trabzon,757.898,426.882,331.016,2012,%56 %44
80,Tunceli,86.276,57.737,28.539,2012,%67 %33
9,ÅanlÄ±urfa,1.762.075,975.455,786.62,2012,%55 %45
52,UÅak,342.269,233.659,108.61,2012,%68 %32
19,Van,1.051.975,548.717,503.258,2012,%52 %48
44,Yozgat,453.211,266.090,187.121,2012,%59 %41
34,Zonguldak,606.527,287.305,319.222,2012,%47 %53
49,Aksaray,379.915,236.177,143.738,2012,%62 %38
81,Bayburt,75.797,40.564,35.233,2012,%54 %46
66,Karaman,235.424,165.564,69.86,2012,%70 %30
63,KÄ±rÄ±kkale,274.727,232.959,41.768,2012,%85 %15
39,Batman,534.205,399.042,135.163,2012,%75 %25
43,ÅÄ±rnak,466.982,298.929,168.053,2012,%64 %36
74,BartÄ±n,188.436,68.151,120.285,2012,%36 %64
79,Ardahan,106.643,37.522,69.121,2012,%35 %65
73,IÄdÄ±r,190.409,101.483,88.926,2012,%53 %47
70,Yalova,211.799,149.421,62.378,2012,%71 %29
67,KarabÃ¼k,225.145,172.945,52.2,2012,%77 %23
78,Kilis,124.320,88.934,35.386,2012,%72 %28
42,Osmaniye,492.135,363.067,129.068,2012,%74 %26
51,DÃ¼zce,346.493,201.434,145.059,2012,%58 %42
6,Adana,2.149.260,2.149.260,[not 1],2013,%100 %0
35,AdÄ±yaman,597.184,373.183,224.001,2013,%62 %38
31,Afyonkarahisar,707.123,396.621,310.502,2013,%56 %44
38,AÄrÄ±,551.177,294.705,256.472,2013,%53 %47
49,Aksaray,382.806,239.740,143.066,2013,%63 %37
57,Amasya,321.977,215.997,105.980,2013,%67 %33
2,Ankara,5.045.083,5.045.083,[not 1],2013,%100 %0
5,Antalya,2.158.265,2.158.265,[not 1],2013,%100 %0
79,Ardahan,102.782,36.214,66.568,2013,%35 %65
76,Artvin,169.334,94.316,75.018,2013,%56 %44
20,AydÄ±n,1.020.957,1.020.957,[not 1],2013,%100 %0
17,BalÄ±kesir,1.162.761,1.162.761,[not 1],2013,%100 %0
75,BartÄ±n,189.139,72.995,116.144,2013,%39 %61
39,Batman,547.581,420.833,126.748,2013,%77 %23
81,Bayburt,75.620,40.836,34.784,2013,%54 %46
71,Bilecik,208.888,160.798,48.090,2013,%77 %23
64,BingÃ¶l,265.514,150.556,114.958,2013,%57 %43
55,Bitlis,337.156,184.454,152.702,2013,%55 %45
61,Bolu,283.496,190.276,93.220,2013,%67 %33
65,Burdur,257.267,165.970,91.297,2013,%65 %35
4,Bursa,2.740.970,2.740.970,[not 1],2013,%100 %0
41,Ãanakkale,502.328,288.770,213.558,2013,%57 %43
73,ÃankÄ±rÄ±,190.909,119.476,71.433,2013,%63 %37
40,Ãorum,532.080,369.163,162.917,2013,%69 %31
21,Denizli,963.464,963.464,[not 1],2013,%100 %0
12,DiyarbakÄ±r,1.607.437,1.607.437,[not 1],2013,%100 %0
51,DÃ¼zce,351.509,210.127,141.382,2013,%60 %40
48,Edirne,398.582,279.508,119.074,2013,%70 %30
37,ElazÄ±Ä,568.239,406.131,162.108,2013,%71 %29
70,Erzincan,219.996,126.120,93.876,2013,%57 %43
27,Erzurum,766.729,766.729,[not 1],2013,%100 %0
25,EskiÅehir,799.724,799.724,[not 1],2013,%100 %0
8,Gaziantep,1.844.438,1.844.438,[not 1],2013,%100 %0
45,Giresun,425.007,251.811,173.196,2013,%59 %41
77,GÃ¼mÃ¼Åhane,141.412,70.667,70.745,2013,%50 %50
63,HakkÃ¢ri,273.041,149.217,123.824,2013,%55 %45
13,Hatay,1.503.066,1.503.066,[not 1],2013,%100 %0
74,IÄdÄ±r,190.424,102.154,88.270,2013,%54 %46
46,Isparta,417.774,289.203,128.571,2013,%69 %31
1,Ä°stanbul,14.160.467,14.160.467,[not 1],2013,%100 %0
3,Ä°zmir,4.061.074,4.061.074,[not 1],2013,%100 %0
18,KahramanmaraÅ,1.075.706,1.075.706,[not 1],2013,%100 %0
67,KarabÃ¼k,230.251,172.756,57.495,2013,%75 %25
66,Karaman,237.939,168.686,69.253,2013,%71 %29
59,Kars,300.874,129.458,171.416,2013,%43 %57
50,Kastamonu,368.093,207.045,161.048,2013,%56 %44
15,Kayseri,1.295.355,1.295.355,[not 1],2013,%100 %0
78,Kilis,128.586,93.640,34.946,2013,%73 %27
62,KÄ±rÄ±kkale,274.658,231.831,42.827,2013,%84 %16
54,KÄ±rklareli,340.559,232.309,108.250,2013,%68 %32
68,KÄ±rÅehir,223.498,165.717,57.781,2013,%74 %26
11,Kocaeli,1.676.202,1.676.202,[not 1],2013,%100 %0
7,Konya,2.079.225,2.079.225,[not 1],2013,%100 %0
36,KÃ¼tahya,572.059,382.126,189.933,2013,%67 %33
28,Malatya,762.538,762.538,[not 1],2013,%100 %0
14,Manisa,1.359.463,1.359.463,[not 1],2013,%100 %0
26,Mardin,779.738,779.738,[not 1],2013,%100 %0
10,Mersin,1.705.774,1.705.774,[not 1],2013,%100 %0
24,MuÄla,866.665,866.665,[not 1],2013,%100 %0
47,MuÅ,412.553,156.411,256.142,2013,%38 %62
60,NevÅehir,285.460,168.771,116.689,2013,%59 %41
53,NiÄde,343.658,182.097,161.561,2013,%53 %47
30,Ordu,731.452,731.452,[not 1],2013,%100 %0
42,Osmaniye,498.981,374.867,124.114,2013,%75 %25
56,Rize,328.205,204.194,124.011,2013,%62 %38
22,Sakarya,917.373,917.373,[not 1],2013,%100 %0
16,Samsun,1.261.810,1.261.810,[not 1],2013,%100 %0
9,ÅanlÄ±urfa,1.801.980,1.801.980,[not 1],2013,%100 %0
58,Siirt,314.153,193.282,120.871,2013,%62 %38
72,Sinop,204.568,109.864,94.704,2013,%54 %46
43,ÅÄ±rnak,475.255,296.790,178.465,2013,%62 %38
32,Sivas,623.824,439.564,184.260,2013,%70 %30
23,TekirdaÄ,874.475,874.475,[not 1],2013,%100 %0
34,Tokat,598.708,358.155,240.553,2013,%60 %40
29,Trabzon,758.237,758.237,[not 1],2013,%100 %0
80,Tunceli,85.428,53.388,32.040,2013,%62 %38
52,UÅak,346.508,238.563,107.945,2013,%69 %31
19,Van,1.070.113,1.070.113,[not 1],2013,%100 %0
69,Yalova,220.122,155.016,65.106,2013,%70 %30
44,Yozgat,444.211,264.470,179.741,2013,%60 %40
33,Zonguldak,601.567,355.771,245.796,2013,%59 %41
6,Adana,2.165.595,2.165.595,[not 1],2014,%100 %0
35,AdÄ±yaman,597.835,382.755,215.080,2014,%64 %36
31,Afyonkarahisar,706.371,402.241,304.130,2014,%57 %43
39,AÄrÄ±,549.435,299.628,249.807,2014,%55 %45
49,Aksaray,384.252,245.122,139.130,2014,%64 %36
57,Amasya,321.913,221.404,100.509,2014,%69 %31
2,Ankara,5.150.072,5.150.072,[not 1],2014,%100 %0
5,Antalya,2.222.562,2.222.562,[not 1],2014,%100 %0
79,Ardahan,100.809,36.601,64.208,2014,%36 %64
76,Artvin,169.674,98.039,71.635,2014,%58 %42
20,AydÄ±n,1.041.979,1.041.979,[not 1],2014,%100 %0
17,BalÄ±kesir,1.189.057,1.189.057,[not 1],2014,%100 %0
74,BartÄ±n,189.405,75.085,114.320,2014,%40 %60
38,Batman,557.593,433.420,124.173,2014,%78 %22
81,Bayburt,80.607,45.488,35.119,2014,%56 %44
71,Bilecik,209.925,163.509,46.416,2014,%78 %22
64,BingÃ¶l,266.019,155.697,110.322,2014,%59 %41
55,Bitlis,338.023,189.375,148.648,2014,%56 %44
61,Bolu,284.789,195.357,89.432,2014,%69 %31
65,Burdur,256.898,167.736,89.162,2014,%65 %35
4,Bursa,2.787.539,2.787.539,[not 1],2014,%100 %0
41,Ãanakkale,511.790,297.086,214.704,2014,%58 %42
75,ÃankÄ±rÄ±,183.550,125.961,57.589,2014,%69 %31
40,Ãorum,527.220,374.976,152.244,2014,%71 %29
21,Denizli,978.700,978.700,[not 1],2014,%100 %0
12,DiyarbakÄ±r,1.635.048,1.635.048,[not 1],2014,%100 %0
51,DÃ¼zce,355.549,217.224,138.325,2014,%61 %39
48,Edirne,400.280,283.845,116.435,2014,%71 %29
37,ElazÄ±Ä,568.753,424.994,143.759,2014,%75 %25
69,Erzincan,223.633,129.575,94.058,2014,%58 %42
29,Erzurum,763.320,763.320,[not 1],2014,%100 %0
25,EskiÅehir,812.320,812.320,[not 1],2014,%100 %0
8,Gaziantep,1.889.466,1.889.466,[not 1],2014,%100 %0
45,Giresun,429.984,270.615,159.369,2014,%63 %37
77,GÃ¼mÃ¼Åhane,146.353,87.978,58.375,2014,%60 %40
62,HakkÃ¢ri,276.287,150.779,125.508,2014,%55 %45
13,Hatay,1.519.836,1.519.836,[not 1],2014,%100 %0
73,IÄdÄ±r,192.056,105.276,86.780,2014,%55 %45
46,Isparta,418.780,294.030,124.750,2014,%70 %30
1,Ä°stanbul,14.377.018,14.377.018,[not 1],2014,%100 %0
3,Ä°zmir,4.113.072,4.113.072,[not 1],2014,%100 %0
18,KahramanmaraÅ,1.089.038,1.089.038,[not 1],2014,%100 %0
67,KarabÃ¼k,231.333,176.423,54.910,2014,%76 %24
66,Karaman,240.362,172.322,68.040,2014,%72 %28
59,Kars,296.466,131.156,165.310,2014,%44 %56
50,Kastamonu,368.907,214.188,154.719,2014,%58 %42
15,Kayseri,1.322.376,1.322.376,[not 1],2014,%100 %0
63,KÄ±rÄ±kkale,271.092,234.104,36.988,2014,%86 %14
54,KÄ±rklareli,343.723,236.502,107.221,2014,%69 %31
70,KÄ±rÅehir,222.707,168.022,54.685,2014,%75 %25
78,Kilis,128.781,94.414,34.367,2014,%73 %27
11,Kocaeli,1.722.795,1.722.795,[not 1],2014,%100 %0
7,Konya,2.108.808,2.108.808,[not 1],2014,%100 %0
36,KÃ¼tahya,571.554,387.953,183.601,2014,%68 %32
27,Malatya,769.544,769.544,[not 1],2014,%100 %0
14,Manisa,1.367.905,1.367.905,[not 1],2014,%100 %0
26,Mardin,788.996,788.996,[not 1],2014,%100 %0
10,Mersin,1.727.255,1.727.255,[not 1],2014,%100 %0
24,MuÄla,894.509,894.509,[not 1],2014,%100 %0
47,MuÅ,411.216,160.888,250.328,2014,%39 %61
60,NevÅehir,286.250,171.078,115.172,2014,%60 %40
53,NiÄde,343.898,185.784,158.114,2014,%54 %46
30,Ordu,724.268,724.268,[not 1],2014,%100 %0
42,Osmaniye,506.807,379.653,127.154,2014,%75 %25
56,Rize,329.779,211.495,118.284,2014,%64 %36
22,Sakarya,932.706,932.706,[not 1],2014,%100 %0
16,Samsun,1.269.989,1.269.989,[not 1],2014,%100 %0
58,Siirt,318.366,198.815,119.551,2014,%62 %38
72,Sinop,204.526,112.511,92.015,2014,%55 %45
32,Sivas,623.116,446.663,176.453,2014,%72 %28
9,ÅanlÄ±urfa,1.845.667,1.845.667,[not 1],2014,%100 %0
43,ÅÄ±rnak,488.966,305.881,183.085,2014,%63 %37
23,TekirdaÄ,906.732,906.732,[not 1],2014,%100 %0
34,Tokat,597.920,370.709,227.211,2014,%62 %38
28,Trabzon,766.782,766.782,[not 1],2014,%100 %0
80,Tunceli,86.527,55.935,30.592,2014,%65 %35
52,UÅak,349.459,242.889,106.570,2014,%70 %31
19,Van,1.085.542,1.085.542,[not 1],2014,%100 %0
68,Yalova,226.514,160.803,65.711,2014,%71 %29
44,Yozgat,432.560,265.792,166.768,2014,%61 %39
33,Zonguldak,598.796,359.910,238.886,2014,%60 %40
6,Adana,2.183.167,2.183.167,[not 1],2015,%100 %0
33,AdÄ±yaman,602.774,393.472,209.302,2015,%65 %35
31,Afyonkarahisar,709.015,410.322,298.693,2015,%58 %42
39,AÄrÄ±,547.210,306.352,240.858,2015,%56 %44
49,Aksaray,386.514,250.827,135.687,2015,%65 %35
57,Amasya,322.167,226.432,95.735,2015,%70 %30
2,Ankara,5.270.575,5.270.575,[not 1],2015,%100 %0
5,Antalya,2.288.456,2.288.456,[not 1],2015,%100 %0
79,Ardahan,99.265,36.582,62.683,2015,%37 %63
76,Artvin,168.370,99.359,69.011,2015,%59 %41
20,AydÄ±n,1.053.506,1.053.506,[not 1],2015,%100 %0
17,BalÄ±kesir,1.186.688,1.186.688,[not 1],2015,%100 %0
74,BartÄ±n,190.708,77.827,112.881,2015,%41 %59
38,Batman,566.633,444.209,122.424,2015,%78 %22
81,Bayburt,78.550,46.276,32.274,2015,%59 %41
71,Bilecik,212.361,167.692,44.669,2015,%79 %21
64,BingÃ¶l,267.184,160.614,106.570,2015,%60 %40
55,Bitlis,340.449,194.928,145.521,2015,%57 %43
60,Bolu,291.095,203.696,87.399,2015,%70 %30
65,Burdur,258.339,171.237,87.102,2015,%66 %34
4,Bursa,2.842.547,2.842.547,[not 1],2015,%100 %0
41,Ãanakkale,513.341,302.186,211.155,2015,%59 %41
75,ÃankÄ±rÄ±,180.945,126.058,54.887,2015,%70 %30
40,Ãorum,525.180,381.303,143.877,2015,%73 %27
21,Denizli,993.442,993.442,[not 1],2015,%100 %0
12,DiyarbakÄ±r,1.654.196,1.654.196,[not 1],2015,%100 %0
51,DÃ¼zce,360.388,224.282,136.106,2015,%62 %38
48,Edirne,402.537,289.433,113.104,2015,%72 %28
36,ElazÄ±Ä,574.304,438.846,135.458,2015,%76 %24
70,Erzincan,222.918,127.176,95.742,2015,%57 %43
29,Erzurum,762.321,762.321,[not 1],2015,%100 %0
25,EskiÅehir,826.716,826.716,[not 1],2015,%100 %0
8,Gaziantep,1.931.836,1.931.836,[not 1],2015,%100 %0
44,Giresun,426.686,275.554,151.132,2015,%65 %35
77,GÃ¼mÃ¼Åhane,151.449,99.508,51.941,2015,%66 %34
62,HakkÃ¢ri,278.775,152.790,125.985,2015,%55 %45
13,Hatay,1.533.507,1.533.507,[not 1],2015,%100 %0
73,IÄdÄ±r,192.435,107.320,85.115,2015,%56 %44
45,Isparta,421.766,300.255,121.511,2015,%71 %29
1,Ä°stanbul,14.657.434,14.657.434,[not 1],2015,%100 %0
3,Ä°zmir,4.168.415,4.168.415,[not 1],2015,%100 %0
18,KahramanmaraÅ,1.096.610,1.096.610,[not 1],2015,%100 %0
67,KarabÃ¼k,236.978,183.141,53.837,2015,%77 %23
66,Karaman,242.196,175.790,66.406,2015,%73 %27
59,Kars,292.660,133.334,159.326,2015,%46 %54
50,Kastamonu,372.633,226.868,145.765,2015,%61 %39
15,Kayseri,1.341.056,1.341.056,[not 1],2015,%100 %0
78,Kilis,130.655,97.411,33.244,2015,%75 %25
63,KÄ±rÄ±kkale,270.271,235.575,34.696,2015,%87 %13
53,KÄ±rklareli,346.973,243.018,103.955,2015,%70 %30
69,KÄ±rÅehir,225.562,173.222,52.340,2015,%77 %23
10,Kocaeli,1.780.055,1.780.055,[not 1],2015,%100 %0
7,Konya,2.130.544,2.130.544,[not 1],2015,%100 %0
37,KÃ¼tahya,571.463,393.115,178.348,2015,%69 %31
27,Malatya,772.904,772.904,[not 1],2015,%100 %0
14,Manisa,1.380.366,1.380.366,[not 1],2015,%100 %0
26,Mardin,796.591,796.591,[not 1],2015,%100 %0
11,Mersin,1.745.221,1.745.221,[not 1],2015,%100 %0
24,MuÄla,908.877,908.877,[not 1],2015,%100 %0
47,MuÅ,408.728,163.040,245.688,2015,%40 %60
61,NevÅehir,286.767,174.195,112.572,2015,%61 %39
54,NiÄde,346.114,189.670,156.444,2015,%55 %45
30,Ordu,728.949,728.949,[not 1],2015,%100 %0
42,Osmaniye,512.873,388.158,124.715,2015,%76 %24
56,Rize,328.979,215.596,113.383,2015,%66 %34
22,Sakarya,953.181,953.181,[not 1],2015,%100 %0
16,Samsun,1.279.884,1.279.884,[not 1],2015,%100 %0
9,ÅanlÄ±urfa,1.892.320,1.892.320,[not 1],2015,%100 %0
58,Siirt,320.351,204.023,116.328,2015,%64 %36
72,Sinop,204.133,115.114,89.019,2015,%56 %44
43,ÅÄ±rnak,490.184,304.228,185.956,2015,%62 %38
32,Sivas,618.617,451.930,166.687,2015,%73 %27
23,TekirdaÄ,937.910,937.910,[not 1],2015,%100 %0
35,Tokat,593.990,379.869,214.121,2015,%64 %36
28,Trabzon,768.417,768.417,[not 1],2015,%100 %0
80,Tunceli,86.076,56.401,29.675,2015,%66 %34
52,UÅak,353.048,248.683,104.365,2015,%70 %30
19,Van,1.096.397,1.096.397,[not 1],2015,%100 %0
68,Yalova,233.009,167.558,65.451,2015,%72 %28
46,Yozgat,419.440,262.864,156.576,2015,%63 %37
34,Zonguldak,595.907,363.707,232.200,2015,%61 %39
6,Adana,2.201.670,2.201.670,[not 1],2016,%100 %0
33,AdÄ±yaman,610.484,404.702,205.782,2016,%66 %34
31,Afyonkarahisar,714.523,417.851,296.672,2016,%58 %42
39,AÄrÄ±,542.255,305.406,236.849,2016,%56 %44
49,Aksaray,396.673,261.817,134.856,2016,%66 %34
57,Amasya,326.351,232.041,94.310,2016,%71 %29
2,Ankara,5.346.518,5.346.518,[not 1],2016,%100 %0
5,Antalya,2.328.555,2.328.555,[not 1],2016,%100 %0
79,Ardahan,98.335,38.181,60.154,2016,%39 %61
77,Artvin,168.068,99.826,68.242,2016,%59 %41
20,AydÄ±n,1.068.260,1.068.260,[not 1],2016,%100 %0
17,BalÄ±kesir,1.196.176,1.196.176,[not 1],2016,%100 %0
74,BartÄ±n,192.389,80.556,111.833,2016,%42 %58
37,Batman,576.899,453.730,123.169,2016,%79 %21
80,Bayburt,90.154,55.670,34.484,2016,%62 %38
71,Bilecik,218.297,174.671,43.626,2016,%80 %20
63,BingÃ¶l,269.560,167.917,101.643,2016,%62 %38
55,Bitlis,341.225,197.747,143.478,2016,%58 %42
59,Bolu,299.896,213.544,86.352,2016,%71 %29
65,Burdur,261.401,175.427,85.974,2016,%67 %33
4,Bursa,2.901.396,2.901.396,[not 1],2016,%100 %0
42,Ãanakkale,519.793,308.141,211.652,2016,%59 %41
75,ÃankÄ±rÄ±,183.880,129.628,54.252,2016,%71 %30
40,Ãorum,527.863,388.789,139.074,2016,%74 %26
21,Denizli,1.005.687,1.005.687,[not 1],2016,%100 %0
12,DiyarbakÄ±r,1.673.119,1.673.119,[not 1],2016,%100 %0
51,DÃ¼zce,370.371,235.697,134.674,2016,%64 %36
48,Edirne,401.701,290.723,110.978,2016,%72 %28
36,ElazÄ±Ä,578.789,446.023,132.766,2016,%77 %23
70,Erzincan,226.032,130.304,95.728,2016,%58 %42
29,Erzurum,762.021,762.021,[not 1],2016,%100 %0
25,EskiÅehir,844.842,844.842,[not 1],2016,%100 %0
8,Gaziantep,1.974.244,1.974.244,[not 1],2016,%100 %0
44,Giresun,444.467,292.614,151.853,2016,%66 %34
76,GÃ¼mÃ¼Åhane,172.034,121.533,50.501,2016,%71 %29
64,HakkÃ¢ri,267.813,146.538,121.275,2016,%55 %45
13,Hatay,1.555.165,1.555.165,[not 1],2016,%100 %0
73,IÄdÄ±r,192.785,108.204,84.581,2016,%56 %44
45,Isparta,427.324,307.162,120.162,2016,%72 %28
1,Ä°stanbul,14.804.116,14.804.116,[not 1],2016,%100 %0
3,Ä°zmir,4.223.545,4.223.545,[not 1],2016,%100 %0
18,KahramanmaraÅ,1.112.634,1.112.634,[not 1],2016,%100 %0
67,KarabÃ¼k,242.347,184.413,57.934,2016,%76 %24
66,Karaman,245.610,180.165,65.445,2016,%73 %27
61,Kars,289.786,133.528,156.258,2016,%46 %54
50,Kastamonu,376.945,236.363,140.582,2016,%63 %37
15,Kayseri,1.358.980,1.358.980,[not 1],2016,%100 %0
78,Kilis,130.825,97.561,33.264,2016,%75 %25
62,KÄ±rÄ±kkale,277.984,243.895,34.089,2016,%88 %12
53,KÄ±rklareli,351.684,248.017,103.667,2016,%71 %29
69,KÄ±rÅehir,229.975,178.324,51.651,2016,%78 %22
10,Kocaeli,1.830.772,1.830.772,[not 1],2016,%100 %0
7,Konya,2.161.303,2.161.303,[not 1],2016,%100 %0
38,KÃ¼tahya,573.642,399.598,174.044,2016,%70 %30
27,Malatya,781.305,781.305,[not 1],2016,%100 %0
14,Manisa,1.396.945,1.396.945,[not 1],2016,%100 %0
26,Mardin,796.237,796.237,[not 1],2016,%100 %0
11,Mersin,1.773.852,1.773.852,[not 1],2016,%100 %0
24,MuÄla,923.773,923.773,[not 1],2016,%100 %0
47,MuÅ,406.501,164.669,241.832,2016,%41 %59
60,NevÅehir,290.895,178.976,111.919,2016,%62 %38
54,NiÄde,351.468,196.220,155.248,2016,%56 %44
30,Ordu,750.588,750.588,[not 1],2016,%100 %0
41,Osmaniye,522.175,397.944,124.231,2016,%76 %24
56,Rize,331.048,221.040,110.008,2016,%67 %33
22,Sakarya,976.948,976.948,[not 1],2016,%100 %0
16,Samsun,1.295.927,1.295.927,[not 1],2016,%100 %0
9,ÅanlÄ±urfa,1.940.627,1.940.627,[not 1],2016,%100 %0
58,Siirt,322.664,206.917,115.747,2016,%64 %36
72,Sinop,205.478,119.258,86.220,2016,%58 %42
43,ÅÄ±rnak,483.788,298.332,185.456,2016,%62 %38
32,Sivas,621.224,458.656,162.568,2016,%74 %26
23,TekirdaÄ,972.875,972.875,[not 1],2016,%100 %0
34,Tokat,602.662,387.205,215.457,2016,%64 %36
28,Trabzon,779.379,779.379,[not 1],2016,%100 %0
81,Tunceli,82.193,53.572,28.621,2016,%65 %35
52,UÅak,358.736,253.733,105.003,2016,%71 %29
19,Van,1.100.190,1.100.190,[not 1],2016,%100 %0
68,Yalova,241.665,175.319,66.346,2016,%73 %27
46,Yozgat,421.041,268.324,152.717,2016,%64 %36
35,Zonguldak,597.524,367.628,229.896,2016,%62 %38
6,Adana,2.216.475,2.216.475,[not 1],2017,%100 %0
33,AdÄ±yaman,615.076,414.025,201.051,2017,%67 %33
31,Afyonkarahisar,715.693,422.268,293.425,2017,%59 %41
39,AÄrÄ±,536.285,305.531,230.754,2017,%57 %43
49,Aksaray,402.404,279.254,123.150,2017,%69 %31
57,Amasya,329.888,237.142,92.746,2017,%72 %28
2,Ankara,5.445.026,5.445.026,[not 1],2017,%100 %0
5,Antalya,2.364.396,2.364.396,[not 1],2017,%100 %0
79,Ardahan,97.096,38.162,58.934,2017,%39 %61
77,Artvin,166.143,104.578,61.565,2017,%63 %37
20,AydÄ±n,1.080.839,1.080.839,[not 1],2017,%100 %0
17,BalÄ±kesir,1.204.824,1.204.824,[not 1],2017,%100 %0
74,BartÄ±n,193.577,83.120,110.457,2017,%43 %57
36,Batman,585.252,462.893,122.359,2017,%79 %21
81,Bayburt,80.417,49.603,30.814,2017,%62 %38
71,Bilecik,221.693,179.248,42.445,2017,%81 %19
64,BingÃ¶l,273.354,175.824,97.530,2017,%64 %36
55,Bitlis,341.474,199.202,142.272,2017,%58 %42
59,Bolu,303.184,218.001,85.183,2017,%72 %28
65,Burdur,264.779,181.030,83.749,2017,%68 %32
4,Bursa,2.936.803,2.936.803,[not 1],2017,%100 %0
40,Ãanakkale,530.417,319.786,210.631,2017,%60 %40
75,ÃankÄ±rÄ±,186.074,133.056,53.018,2017,%72 %28
41,Ãorum,528.422,392.654,135.768,2017,%74 %26
21,Denizli,1.018.735,1.018.735,[not 1],2017,%100 %0
12,DiyarbakÄ±r,1.699.901,1.699.901,[not 1],2017,%100 %0
50,DÃ¼zce,377.610,244.068,133.542,2017,%65 %35
47,Edirne,406.855,298.264,108.591,2017,%73 %27
37,ElazÄ±Ä,583.671,452.615,131.056,2017,%78 %22
70,Erzincan,231.511,130.224,101.287,2017,%56 %44
29,Erzurum,760.476,760.476,[not 1],2017,%100 %0
25,EskiÅehir,860.620,860.620,[not 1],2017,%100 %0
8,Gaziantep,2.005.515,2.005.515,[not 1],2017,%100 %0
44,Giresun,437.393,290.637,146.756,2017,%66 %34
76,GÃ¼mÃ¼Åhane,170.173,122.805,47.368,2017,%72 %28
63,HakkÃ¢ri,275.761,150.058,125.703,2017,%54 %46
13,Hatay,1.575.226,1.575.226,[not 1],2017,%100 %0
73,IÄdÄ±r,194.775,110.240,84.535,2017,%57 %43
45,Isparta,433.830,315.533,118.297,2017,%73 %27
1,Ä°stanbul,15.029.231,15.029.231,[not 1],2017,%100 %0
3,Ä°zmir,4.279.677,4.279.677,[not 1],2017,%100 %0
18,KahramanmaraÅ,1.127.623,1.127.623,[not 1],2017,%100 %0
68,KarabÃ¼k,244.453,186.450,58.003,2017,%76 %24
67,Karaman,246.672,182.510,64.162,2017,%74 %26
61,Kars,287.654,135.948,151.706,2017,%47 %53
51,Kastamonu,372.373,233.814,138.559,2017,%63 %37
15,Kayseri,1.376.722,1.376.722,[not 1],2017,%100 %0
78,Kilis,136.319,102.168,34.151,2017,%75 %25
62,KÄ±rÄ±kkale,278.749,245.749,33.000,2017,%88 %12
53,KÄ±rklareli,356.050,253.754,102.296,2017,%71 %29
69,KÄ±rÅehir,234.529,184.445,50.084,2017,%79 %21
10,Kocaeli,1.883.270,1.883.270,[not 1],2017,%100 %0
7,Konya,2.180.149,2.180.149,[not 1],2017,%100 %0
38,KÃ¼tahya,572.256,402.348,169.908,2017,%70 %30
27,Malatya,786.676,786.676,[not 1],2017,%100 %0
14,Manisa,1.413.041,1.413.041,[not 1],2017,%100 %0
26,Mardin,809.719,809.719,[not 1],2017,%100 %0
11,Mersin,1.793.931,1.793.931,[not 1],2017,%100 %0
24,MuÄla,938.751,938.751,[not 1],2017,%100 %0
48,MuÅ,404.544,168.023,236.521,2017,%42 %58
60,NevÅehir,292.365,182.965,109.400,2017,%63 %37
54,NiÄde,352.727,199.485,153.242,2017,%57 %43
30,Ordu,742.341,742.341,[not 1],2017,%100 %0
42,Osmaniye,527.724,405.036,122.688,2017,%77 %23
56,Rize,331.041,222.418,108.623,2017,%67 %33
23,Sakarya,990.214,990.214,[not 1],2017,%100 %0
16,Samsun,1.312.990,1.312.990,[not 1],2017,%100 %0
9,ÅanlÄ±urfa,1.985.753,1.985.753,[not 1],2017,%100 %0
58,Siirt,324.394,209.390,115.004,2017,%65 %35
72,Sinop,207.427,118.692,88.735,2017,%57 %43
43,ÅÄ±rnak,503.236,311.887,191.349,2017,%62 %38
32,Sivas,621.301,464.455,156.846,2017,%75 %25
22,TekirdaÄ,1.005.463,1.005.463,[not 1],2017,%100 %0
34,Tokat,602.086,389.603,212.483,2017,%65 %35
28,Trabzon,786.326,786.326,[not 1],2017,%100 %0
80,Tunceli,82.498,54.382,28.116,2017,%66 %34
52,UÅak,364.971,258.744,106.227,2017,%71 %29
19,Van,1.106.891,1.106.891,[not 1],2017,%100 %0
66,Yalova,251.203,181.036,70.167,2017,%72 %28
46,Yozgat,418.650,269.334,149.316,2017,%64 %36
35,Zonguldak,596.892,371.071,225.821,2017,%62 %38
6,Adana,2.220.125,2.220.125,[not 1],2018,%100 %0
33,AdÄ±yaman,624.513,421.889,202.624,2018,%68 %32
31,Afyonkarahisar,725.568,424.667,300.901,2018,%59 %41
40,AÄrÄ±,539.657,304.543,235.114,2018,%56 %44
47,Aksaray,412.172,285.502,126.670,2018,%69 %31
57,Amasya,337.508,239.660,97.848,2018,%71 %29
2,Ankara,5.503.985,5.503.985,[not 1],2018,%100 %0
5,Antalya,2.426.356,2.426.356,[not 1],2018,%100 %0
79,Ardahan,98.907,39.392,59.515,2018,%40 %60
76,Artvin,174.010,102.882,71.128,2018,%59 %41
20,AydÄ±n,1.097.746,1.097.746,[not 1],2018,%100 %0
17,BalÄ±kesir,1.226.575,1.226.575,[not 1],2018,%100 %0
74,BartÄ±n,198.999,83.026,115.973,2018,%42 %58
36,Batman,599.103,478.243,120.860,2018,%80 %20
81,Bayburt,82.274,45.467,36.807,2018,%55 %45
71,Bilecik,223.448,180.302,43.146,2018,%81 %19
64,BingÃ¶l,281.205,168.180,113.025,2018,%60 %40
55,Bitlis,349.396,205.566,143.830,2018,%59 %41
59,Bolu,311.810,220.274,91.536,2018,%71 %29
65,Burdur,269.926,183.351,86.575,2018,%68 %32
4,Bursa,2.994.521,2.994.521,[not 1],2018,%100 %0
39,Ãanakkale,540.662,326.026,214.636,2018,%60 %40
73,ÃankÄ±rÄ±,216.362,132.297,84.065,2018,%61 %39
41,Ãorum,536.483,392.004,144.479,2018,%73 %27
22,Denizli,1.027.782,1.027.782,[not 1],2018,%100 %0
12,DiyarbakÄ±r,1.732.396,1.732.396,[not 1],2018,%100 %0
50,DÃ¼zce,387.844,250.162,137.682,2018,%65 %36
48,Edirne,411.528,300.198,111.330,2018,%73 %27
37,ElazÄ±Ä,595.638,428.667,166.971,2018,%72 %28
70,Erzincan,236.034,172.931,63.103,2018,%73 %27
30,Erzurum,767.848,767.848,[not 1],2018,%100 %0
25,EskiÅehir,871.187,871.187,[not 1],2018,%100 %0
9,Gaziantep,2.028.563,2.028.563,[not 1],2018,%100 %0
44,Giresun,453.912,277.674,176.238,2018,%61 %39
77,GÃ¼mÃ¼Åhane,162.748,80.306,82.442,2018,%49 %51
63,HakkÃ¢ri,286.470,167.905,118.565,2018,%59 %41
13,Hatay,1.609.856,1.609.856,[not 1],2018,%100 %0
75,IÄdÄ±r,197.456,111.183,86.273,2018,%56 %44
45,Isparta,441.412,322.023,119.389,2018,%73 %27
1,Ä°stanbul,15.067.724,15.067.724,[not 1],2018,%100 %0
3,Ä°zmir,4.320.519,4.320.519,[not 1],2018,%100 %0
18,KahramanmaraÅ,1.144.851,1.144.851,[not 1],2018,%100 %0
68,KarabÃ¼k,248.014,188.642,59.372,2018,%76 %24
67,Karaman,251.913,186.664,65.249,2018,%74 %26
61,Kars,288.878,136.729,152.149,2018,%47 %53
51,Kastamonu,383.373,232.670,150.703,2018,%61 %39
15,Kayseri,1.389.680,1.389.680,[not 1],2018,%100 %0
78,Kilis,142.541,106.061,36.480,2018,%74 %26
62,KÄ±rÄ±kkale,286.602,245.458,41.144,2018,%86 %14
54,KÄ±rklareli,360.860,256.750,104.110,2018,%71 %29
69,KÄ±rÅehir,241.868,186.260,55.608,2018,%77 %23
10,Kocaeli,1.906.391,1.906.391,[not 1],2018,%100 %0
7,Konya,2.205.609,2.205.609,[not 1],2018,%100 %0
38,KÃ¼tahya,577.941,404.603,173.338,2018,%70 %30
28,Malatya,797.036,797.036,[not 1],2018,%100 %0
14,Manisa,1.429.643,1.429.643,[not 1],2018,%100 %0
26,Mardin,829.195,829.195,[not 1],2018,%100 %0
11,Mersin,1.814.468,1.814.468,[not 1],2018,%100 %0
24,MuÄla,967.487,967.487,[not 1],2018,%100 %0
49,MuÅ,407.992,180.094,227.898,2018,%44 %56
60,NevÅehir,298.339,187.114,111.225,2018,%63 %37
53,NiÄde,364.707,209.875,154.832,2018,%58 %42
29,Ordu,771.932,771.932,[not 1],2018,%100 %0
42,Osmaniye,534.415,408.057,126.358,2018,%76 %24
56,Rize,348.608,206.088,142.520,2018,%59 %41
23,Sakarya,1.010.700,1.010.700,[not 1],2018,%100 %0
16,Samsun,1.335.716,1.335.716,[not 1],2018,%100 %0
8,ÅanlÄ±urfa,2.035.809,2.035.809,[not 1],2018,%100 %0
58,Siirt,331.670,218.347,113.323,2018,%66 %34
72,Sinop,219.733,129.425,90.308,2018,%59 %41
43,ÅÄ±rnak,524.190,328.906,195.284,2018,%63 %37
32,Sivas,646.608,470.589,176.019,2018,%73 %27
21,TekirdaÄ,1.029.927,1.029.927,[not 1],2018,%100 %0
34,Tokat,612.646,386.219,226.427,2018,%63 %37
27,Trabzon,807.903,807.903,[not 1],2018,%100 %0
80,Tunceli,88.198,55.860,32.338,2018,%63 %37
52,UÅak,367.514,273.837,93.677,2018,%75 %25
19,Van,1.123.784,1.123.784,[not 1],2018,%100 %0
66,Yalova,262.234,192.288,69.946,2018,%73 %27
46,Yozgat,424.981,270.658,154.323,2018,%64 %36
35,Zonguldak,599.698,365.669,234.029,2018,%61 %39
6,Adana,2.237.940,2.237.940,[not 1],2019,%100 %0
33,AdÄ±yaman,626.465,431.758,194.707,2019,%69 %31
31,Afyonkarahisar,729.483,436.233,293.250,2019,%60 %40
41,AÄrÄ±,536.199,307.539,228.660,2019,%57 %43
47,Aksaray,416.367,293.878,122.489,2019,%71 %29
57,Amasya,337.800,245.778,92.022,2019,%73 %27
2,Ankara,5.639.076,5.639.076,[not 1],2019,%100 %0
5,Antalya,2.511.700,2.511.700,[not 1],2019,%100 %0
79,Ardahan,97.319,39.272,58.047,2019,%40 %60
76,Artvin,170.875,106.389,64.486,2019,%62 %38
20,AydÄ±n,1.110.972,1.110.972,[not 1],2019,%100 %0
17,BalÄ±kesir,1.228.620,1.228.620,[not 1],2019,%100 %0
74,BartÄ±n,198.249,86.527,111.722,2019,%44 %56
35,Batman,608.659,492.312,116.347,2019,%81 %19
80,Bayburt,84.843,52.517,32.326,2019,%62 %38
71,Bilecik,219.427,178.534,40.893,2019,%81 %19
64,BingÃ¶l,279.812,179.821,99.991,2019,%64 %36
55,Bitlis,348.115,206.402,141.713,2019,%59 %41
59,Bolu,316.126,226.629,89.497,2019,%72 %28
66,Burdur,270.796,185.501,85.295,2019,%69 %32
4,Bursa,3.056.120,3.056.120,[not 1],2019,%100 %0
39,Ãanakkale,542.157,328.736,213.421,2019,%61 %39
75,ÃankÄ±rÄ±,195.789,135.140,60.649,2019,%69 %31
42,Ãorum,530.864,393.522,137.342,2019,%74 %26
22,Denizli,1.037.208,1.037.208,[not 1],2019,%100 %0
12,DiyarbakÄ±r,1.756.353,1.756.353,[not 1],2019,%100 %0
50,DÃ¼zce,392.166,258.802,133.364,2019,%66 %34
48,Edirne,413.903,306.464,107.439,2019,%74 %26
37,ElazÄ±Ä,591.098,450.551,140.547,2019,%76 %24
70,Erzincan,234.747,177.564,57.183,2019,%76 %24
29,Erzurum,762.062,762.062,[not 1],2019,%100 %0
25,EskiÅehir,887.475,887.475,[not 1],2019,%100 %0
9,Gaziantep,2.069.364,2.069.364,[not 1],2019,%100 %0
44,Giresun,448.400,299.792,148.608,2019,%67 %33
77,GÃ¼mÃ¼Åhane,164.521,100.157,64.364,2019,%61 %39
63,HakkÃ¢ri,280.991,165.140,115.851,2019,%59 %41
13,Hatay,1.628.894,1.628.894,[not 1],2019,%100 %0
73,IÄdÄ±r,199.442,113.134,86.308,2019,%57 %43
45,Isparta,444.914,328.678,116.236,2019,%74 %26
1,Ä°stanbul,15.519.267,15.519.267,[not 1],2019,%100 %0
3,Ä°zmir,4.367.251,4.367.251,[not 1],2019,%100 %0
18,KahramanmaraÅ,1.154.102,1.154.102,[not 1],2019,%100 %0
68,KarabÃ¼k,248.458,191.536,56.922,2019,%77 %23
67,Karaman,253.279,190.269,63.010,2019,%75 %25
61,Kars,285.410,138.934,146.476,2019,%49 %51
51,Kastamonu,379.405,237.783,141.622,2019,%63 %37
15,Kayseri,1.407.409,1.407.409,[not 1],2019,%100 %0
78,Kilis,142.490,108.172,34.318,2019,%76 %24
62,KÄ±rÄ±kkale,283.017,246.634,36.383,2019,%87 %13
54,KÄ±rklareli,361.836,259.302,102.534,2019,%72 %28
69,KÄ±rÅehir,242.938,191.417,51.521,2019,%79 %21
10,Kocaeli,1.953.035,1.953.035,[not 1],2019,%100 %0
7,Konya,2.232.374,2.232.374,[not 1],2019,%100 %0
38,KÃ¼tahya,579.257,413.102,166.155,2019,%71 %29
28,Malatya,800.165,800.165,[not 1],2019,%100 %0
14,Manisa,1.440.611,1.440.611,[not 1],2019,%100 %0
26,Mardin,838.778,838.778,[not 1],2019,%100 %0
11,Mersin,1.840.425,1.840.425,[not 1],2019,%100 %0
24,MuÄla,983.142,983.142,[not 1],2019,%100 %0
49,MuÅ,408.809,189.102,219.707,2019,%46 %54
60,NevÅehir,303.010,194.058,108.952,2019,%64 %36
53,NiÄde,362.861,217.640,145.221,2019,%60 %40
30,Ordu,754.198,754.198,[not 1],2019,%100 %0
40,Osmaniye,538.759,416.335,122.424,2019,%77 %23
56,Rize,343.212,223.584,119.628,2019,%65 %35
23,Sakarya,1.029.650,1.029.650,[not 1],2019,%100 %0
16,Samsun,1.348.542,1.348.542,[not 1],2019,%100 %0
8,ÅanlÄ±urfa,2.073.614,2.073.614,[not 1],2019,%100 %0
58,Siirt,330.280,218.553,111.727,2019,%66 %34
72,Sinop,218.243,134.385,83.858,2019,%62 %38
43,ÅÄ±rnak,529.615,335.652,193.963,2019,%63 %37
32,Sivas,638.956,475.643,163.313,2019,%74 %26
21,TekirdaÄ,1.055.412,1.055.412,[not 1],2019,%100 %0
34,Tokat,612.747,395.106,217.641,2019,%64 %36
27,Trabzon,808.974,808.974,[not 1],2019,%100 %0
81,Tunceli,84.660,54.595,30.065,2019,%64 %36
52,UÅak,370.509,278.806,91.703,2019,%75 %25
19,Van,1.136.757,1.136.757,[not 1],2019,%100 %0
65,Yalova,270.976,200.274,70.702,2019,%74 %26
46,Yozgat,421.200,275.026,146.174,2019,%65 %35
36,Zonguldak,596.053,369.112,226.941,2019,%62 %38
6,Adana,2.258.718,2.258.718,[not 1],2020,%100 %0
33,AdÄ±yaman,632.459,441.165,191.294,2020,%70 %30
31,Afyonkarahisar,736.912,444.452,292.460,2020,%60 %40
42,AÄrÄ±,535.435,310.896,224.539,2020,%58 %42
46,Aksaray,423.011,301.897,121.114,2020,%71 %29
57,Amasya,335.494,245.236,90.258,2020,%73 %27
2,Ankara,5.663.322,5.663.322,[not 1],2020,%100 %0
5,Antalya,2.548.308,2.548.308,[not 1],2020,%100 %0
79,Ardahan,96.161,38.739,57.422,2020,%40 %60
76,Artvin,169.501,106.858,62.643,2020,%63 %37
20,AydÄ±n,1.119.084,1.119.084,[not 1],2020,%100 %0
17,BalÄ±kesir,1.240.285,1.240.285,[not 1],2020,%100 %0
74,BartÄ±n,198.979,89.879,109.100,2020,%45 %55
34,Batman,620.278,505.849,114.429,2020,%82 %18
81,Bayburt,81.910,50.423,31.487,2020,%62 %38
71,Bilecik,218.717,178.781,39.936,2020,%82 %18
62,BingÃ¶l,281.768,183.613,98.155,2020,%65 %35
55,Bitlis,350.994,210.118,140.876,2020,%60 %40
59,Bolu,314.802,227.724,87.078,2020,%72 %28
66,Burdur,267.092,183.404,83.688,2020,%69 %31
4,Bursa,3.101.833,3.101.833,[not 1],2020,%100 %0
40,Ãanakkale,541.548,329.202,212.346,2020,%61 %39
75,ÃankÄ±rÄ±,192.428,134.666,57.762,2020,%70 %30
43,Ãorum,530.126,394.250,135.876,2020,%74 %26
23,Denizli,1.040.915,1.040.915,[not 1],2020,%100 %0
12,DiyarbakÄ±r,1.783.431,1.783.431,[not 1],2020,%100 %0
50,DÃ¼zce,395.679,263.728,131.951,2020,%67 %33
49,Edirne,407.763,301.887,105.876,2020,%74 %26
37,ElazÄ±Ä,587.960,455.220,132.740,2020,%77 %23
70,Erzincan,234.431,179.972,54.459,2020,%77 %23
30,Erzurum,758.279,758.279,[not 1],2020,%100 %0
25,EskiÅehir,888.828,888.828,[not 1],2020,%100 %0
9,Gaziantep,2.101.157,2.101.157,[not 1],2020,%100 %0
44,Giresun,448.721,302.259,146.462,2020,%67 %33
78,GÃ¼mÃ¼Åhane,141.702,83.871,57.831,2020,%59 %41
63,HakkÃ¢ri,280.514,166.101,114.413,2020,%59 %41
13,Hatay,1.659.320,1.659.320,[not 1],2020,%100 %0
73,IÄdÄ±r,201.314,115.412,85.902,2020,%57 %43
45,Isparta,440.304,324.279,116.025,2020,%74 %26
1,Ä°stanbul,15.462.452,15.462.452,[not 1],2020,%100 %0
3,Ä°zmir,4.394.694,4.394.694,[not 1],2020,%100 %0
18,KahramanmaraÅ,1.168.163,1.168.163,[not 1],2020,%100 %0
68,KarabÃ¼k,243.614,189.534,54.080,2020,%78 %22
67,Karaman,254.919,192.314,62.605,2020,%75 %25
61,Kars,284.923,141.389,143.534,2020,%50 %50
51,Kastamonu,376.377,238.902,137.475,2020,%63 %37
15,Kayseri,1.421.455,1.421.455,[not 1],2020,%100 %0
77,Kilis,142.792,109.566,33.226,2020,%77 %23
64,KÄ±rÄ±kkale,278.703,244.006,34.697,2020,%88 %12
54,KÄ±rklareli,361.737,262.853,98.884,2020,%73 %27
69,KÄ±rÅehir,243.042,193.470,49.572,2020,%80 %20
10,Kocaeli,1.997.258,1.997.258,[not 1],2020,%100 %0
7,Konya,2.250.020,2.250.020,[not 1],2020,%100 %0
38,KÃ¼tahya,576.688,414.810,161.878,2020,%72 %28
28,Malatya,806.156,806.156,[not 1],2020,%100 %0
14,Manisa,1.450.616,1.450.616,[not 1],2020,%100 %0
26,Mardin,854.716,854.716,[not 1],2020,%100 %0
11,Mersin,1.868.757,1.868.757,[not 1],2020,%100 %0
24,MuÄla,1.000.773,1.000.773,[not 1],2020,%100 %0
48,MuÅ,411.117,193.279,217.838,2020,%47 %53
60,NevÅehir,304.962,197.126,107.836,2020,%65 %35
53,NiÄde,362.071,219.588,142.483,2020,%61 %39
29,Ordu,761.400,761.400,[not 1],2020,%100 %0
39,Osmaniye,548.556,427.804,120.752,2020,%78 %22
56,Rize,344.359,228.670,115.689,2020,%66 %34
22,Sakarya,1.042.649,1.042.649,[not 1],2020,%100 %0
16,Samsun,1.356.079,1.356.079,[not 1],2020,%100 %0
8,ÅanlÄ±urfa,2.115.256,2.115.256,[not 1],2020,%100 %0
58,Siirt,331.070,220.812,110.258,2020,%67 %33
72,Sinop,216.460,134.457,82.003,2020,%62 %38
41,ÅÄ±rnak,537.762,343.301,194.461,2020,%64 %36
32,Sivas,635.889,477.931,157.958,2020,%75 %25
21,TekirdaÄ,1.081.065,1.081.065,[not 1],2020,%100 %0
35,Tokat,597.861,398.991,198.870,2020,%67 %33
27,Trabzon,811.901,811.901,[not 1],2020,%100 %0
80,Tunceli,83.443,53.919,29.524,2020,%65 %35
52,UÅak,369.433,279.885,89.548,2020,%76 %24
19,Van,1.149.342,1.149.342,[not 1],2020,%100 %0
65,Yalova,276.050,203.628,72.422,2020,%74 %26
47,Yozgat,419.095,275.935,143.160,2020,%66 %34
36,Zonguldak,591.204,367.758,223.446,2020,%62 %38
7,Adana,2.263.373,2.263.373,[not 1],2021,%100 %0
33,AdÄ±yaman,632.148,447.227,184.921,2021,%71 %29
31,Afyonkarahisar,744.179,453.835,290.344,2021,%61 %39
43,AÄrÄ±,524.644,309.256,215.388,2021,%59 %41
46,Aksaray,429.069,310.355,118.714,2021,%72 %28
57,Amasya,335.331,247.980,87.351,2021,%74 %26
2,Ankara,5.747.325,5.747.325,[not 1],2021,%100 %0
5,Antalya,2.619.832,2.619.832,[not 1],2021,%100 %0
79,Ardahan,94.932,39.130,55.802,2021,%41 %59
76,Artvin,169.543,108.181,61.362,2021,%64 %36
20,AydÄ±n,1.134.031,1.134.031,[not 1],2021,%100 %0
17,BalÄ±kesir,1.250.610,1.250.610,[not 1],2021,%100 %0
74,BartÄ±n,201.711,93.813,107.898,2021,%47 %53
34,Batman,626.319,514.191,112.128,2021,%82 %18
80,Bayburt,85.042,55.046,29.996,2021,%65 %35
71,Bilecik,228.334,189.956,38.378,2021,%83 %17
62,BingÃ¶l,283.112,187.408,95.704,2021,%66 %34
55,Bitlis,352.277,215.420,136.857,2021,%61 %39
59,Bolu,320.014,234.554,85.460,2021,%73 %27
66,Burdur,273.716,191.478,82.238,2021,%70 %30
4,Bursa,3.147.818,3.147.818,[not 1],2021,%100 %0
39,Ãanakkale,557.276,344.008,213.268,2021,%62 %38
75,ÃankÄ±rÄ±,196.515,138.764,57.751,2021,%71 %29
42,Ãorum,526.282,393.772,132.510,2021,%75 %25
23,Denizli,1.051.056,1.051.056,[not 1],2021,%100 %0
12,DiyarbakÄ±r,1.791.373,1.791.373,[not 1],2021,%100 %0
50,DÃ¼zce,400.976,269.505,131.471,2021,%67 %33
48,Edirne,412.115,308.700,103.415,2021,%75 %25
37,ElazÄ±Ä,588.088,454.484,133.604,2021,%77 %23
70,Erzincan,237.351,184.199,53.152,2021,%78 %22
30,Erzurum,756.893,756.893,[not 1],2021,%100 %0
25,EskiÅehir,898.369,898.369,[not 1],2021,%100 %0
9,Gaziantep,2.130.432,2.130.432,[not 1],2021,%100 %0
44,Giresun,450.154,305.453,144.701,2021,%68 %32
77,GÃ¼mÃ¼Åhane,150.119,96.198,53.921,2021,%64 %36
64,HakkÃ¢ri,278.218,166.604,111.614,2021,%60 %40
13,Hatay,1.670.712,1.670.712,[not 1],2021,%100 %0
73,IÄdÄ±r,203.159,117.880,85.279,2021,%58 %42
45,Isparta,445.678,332.088,113.590,2021,%75 %25
1,Ä°stanbul,15.840.900,15.840.900,[not 1],2021,%100 %0
3,Ä°zmir,4.425.789,4.425.789,[not 1],2021,%100 %0
18,KahramanmaraÅ,1.171.298,1.171.298,[not 1],2021,%100 %0
68,KarabÃ¼k,249.287,194.418,54.869,2021,%78 %22
67,Karaman,258.838,197.002,61.836,2021,%76 %24
63,Kars,281.077,141.467,139.610,2021,%50 %50
51,Kastamonu,375.592,241.007,134.585,2021,%64 %36
15,Kayseri,1.434.357,1.434.357,[not 1],2021,%100 %0
78,Kilis,145.826,113.311,32.515,2021,%78 %22
65,KÄ±rÄ±kkale,275.968,242.973,32.995,2021,%88 %12
53,KÄ±rklareli,366.363,267.908,98.455,2021,%73 %27
69,KÄ±rÅehir,242.944,195.147,47.797,2021,%80 %20
10,Kocaeli,2.033.441,2.033.441,[not 1],2021,%100 %0
6,Konya,2.277.017,2.277.017,[not 1],2021,%100 %0
38,KÃ¼tahya,578.640,421.646,156.994,2021,%73 %27
28,Malatya,808.692,808.692,[not 1],2021,%100 %0
14,Manisa,1.456.626,1.456.626,[not 1],2021,%100 %0
26,Mardin,862.757,862.757,[not 1],2021,%100 %0
11,Mersin,1.891.145,1.891.145,[not 1],2021,%100 %0
24,MuÄla,1.021.141,1.021.141,[not 1],2021,%100 %0
49,MuÅ,405.228,192.601,212.627,2021,%48 %52
60,NevÅehir,308.003,201.402,106.601,2021,%65 %35
54,NiÄde,363.725,224.909,138.816,2021,%62 %38
29,Ordu,760.872,760.872,[not 1],2021,%100 %0
40,Osmaniye,553.012,432.445,120.567,2021,%78 %22
56,Rize,345.662,233.866,111.796,2021,%68 %32
22,Sakarya,1.060.876,1.060.876,[not 1],2021,%100 %0
16,Samsun,1.371.274,1.371.274,[not 1],2021,%100 %0
8,ÅanlÄ±urfa,2.143.020,2.143.020,[not 1],2021,%100 %0
58,Siirt,331.980,223.550,108.430,2021,%67 %33
72,Sinop,218.408,138.261,80.147,2021,%63 %37
41,ÅÄ±rnak,546.589,354.247,192.342,2021,%65 %35
32,Sivas,636.121,482.978,153.143,2021,%76 %24
21,TekirdaÄ,1.113.400,1.113.400,[not 1],2021,%100 %0
35,Tokat,602.567,404.815,197.752,2021,%67 %33
27,Trabzon,816.684,816.684,[not 1],2021,%100 %0
81,Tunceli,83.645,55.146,28.499,2021,%66 %34
52,UÅak,373.183,284.187,88.996,2021,%76 %24
19,Van,1.141.015,1.141.015,[not 1],2021,%100 %0
61,Yalova,291.001,216.261,74.740,2021,%74 %26
47,Yozgat,418.500,277.041,141.459,2021,%66 %34
36,Zonguldak,589.684,370.430,219.254,2021,%63 %37
7,Adana,2.274.106,2.274.106,[not 1],2022,%100 %0
32,AdÄ±yaman,635.169,458.278,176.891,2022,%72 %28
31,Afyonkarahisar,747.555,461.436,286.119,2022,%62 %38
43,AÄrÄ±,510.626,306.295,204.331,2022,%60 %40
46,Aksaray,433.055,316.755,116.300,2022,%73 %27
57,Amasya,338.267,252.474,85.793,2022,%75 %25
2,Ankara,5.782.285,5.782.285,[not 1],2022,%100 %0
5,Antalya,2.688.004,2.688.004,[not 1],2022,%100 %0
79,Ardahan,92.481,39.123,53.358,2022,%42 %58
76,Artvin,169.403,107.965,61.438,2022,%64 %36
19,AydÄ±n,1.148.241,1.148.241,[not 1],2022,%100 %0
17,BalÄ±kesir,1.257.590,1.257.590,[not 1],2022,%100 %0
74,BartÄ±n,203.351,96.333,107.018,2022,%47 %53
34,Batman,634.491,524.208,110.283,2022,%83 %17
81,Bayburt,84.241,55.326,28.915,2022,%66 %34
71,Bilecik,228.673,190.773,37.900,2022,%83 %17
62,BingÃ¶l,282.556,191.329,91.227,2022,%68 %32
55,Bitlis,353.988,223.062,130.926,2022,%63 %37
59,Bolu,320.824,235.709,85.115,2022,%73 %27
66,Burdur,273.799,193.185,80.614,2022,%71 %29
4,Bursa,3.194.720,3.194.720,[not 1],2022,%100 %0
40,Ãanakkale,559.383,346.026,213.357,2022,%62 %38
75,ÃankÄ±rÄ±,195.766,138.352,57.414,2022,%71 %29
42,Ãorum,524.130,395.258,128.872,2022,%75 %25
23,Denizli,1.056.332,1.056.332,[not 1],2022,%100 %0
12,DiyarbakÄ±r,1.804.880,1.804.880,[not 1],2022,%100 %0
49,DÃ¼zce,405.131,275.943,129.188,2022,%68 %32
48,Edirne,414.714,313.561,101.153,2022,%76 %24
36,ElazÄ±Ä,591.497,459.901,131.596,2022,%78 %22
70,Erzincan,239.223,184.940,54.283,2022,%77 %23
30,Erzurum,749.754,749.754,[not 1],2022,%100 %0
25,EskiÅehir,906.617,906.617,[not 1],2022,%100 %0
9,Gaziantep,2.154.051,2.154.051,[not 1],2022,%100 %0
44,Giresun,450.862,306.449,144.413,2022,%68 %32
78,GÃ¼mÃ¼Åhane,144.544,87.475,57.069,2022,%61 %39
64,HakkÃ¢ri,275.333,167.671,107.662,2022,%61 %39
13,Hatay,1.686.043,1.686.043,[not 1],2022,%100 %0
73,IÄdÄ±r,203.594,119.856,83.738,2022,%59 %41
45,Isparta,445.325,334.121,111.204,2022,%75 %25
1,Ä°stanbul,15.907.951,15.907.951,[not 1],2022,%100 %0
3,Ä°zmir,4.462.056,4.462.056,[not 1],2022,%100 %0
18,KahramanmaraÅ,1.177.436,1.177.436,[not 1],2022,%100 %0
68,KarabÃ¼k,252.058,196.778,55.280,2022,%78 %22
67,Karaman,260.838,199.936,60.902,2022,%77 %23
65,Kars,274.829,142.121,132.708,2022,%52 %48
51,Kastamonu,378.115,244.090,134.025,2022,%65 %35
15,Kayseri,1.441.523,1.441.523,[not 1],2022,%100 %0
63,KÄ±rÄ±kkale,277.046,244.346,32.700,2022,%88 %12
53,KÄ±rklareli,369.347,271.471,97.876,2022,%74 %27
69,KÄ±rÅehir,244.519,197.865,46.654,2022,%81 %19
77,Kilis,147.919,116.361,31.558,2022,%79 %21
10,Kocaeli,2.079.072,2.079.072,[not 1],2022,%100 %0
6,Konya,2.296.347,2.296.347,[not 1],2022,%100 %0
38,KÃ¼tahya,580.701,427.985,152.716,2022,%74 %26
28,Malatya,812.580,812.580,[not 1],2022,%100 %0
14,Manisa,1.468.279,1.468.279,[not 1],2022,%100 %0
26,Mardin,870.374,870.374,[not 1],2022,%100 %0
11,Mersin,1.916.432,1.916.432,[not 1],2022,%100 %0
24,MuÄla,1.048.185,1.048.185,[not 1],2022,%100 %0
50,MuÅ,399.202,194.379,204.823,2022,%49 %51
60,NevÅehir,310.011,205.761,104.250,2022,%66 %34
54,NiÄde,365.419,229.249,136.170,2022,%63 %37
29,Ordu,763.190,763.190,[not 1],2022,%100 %0
39,Osmaniye,559.405,439.537,119.868,2022,%79 %21
56,Rize,344.016,234.538,109.478,2022,%68 %32
22,Sakarya,1.080.080,1.080.080,[not 1],2022,%100 %0
16,Samsun,1.368.488,1.368.488,[not 1],2022,%100 %0
58,Siirt,331.311,224.021,107.290,2022,%68 %32
72,Sinop,220.799,139.531,81.268,2022,%63 %37
33,Sivas,634.924,485.991,148.933,2022,%77 %23
8,ÅanlÄ±urfa,2.170.110,2.170.110,[not 1],2022,%100 %0
41,ÅÄ±rnak,557.605,362.910,194.695,2022,%65 %35
20,TekirdaÄ,1.142.451,1.142.451,[not 1],2022,%100 %0
35,Tokat,596.454,407.820,188.634,2022,%68 %32
27,Trabzon,818.023,818.023,[not 1],2022,%100 %0
80,Tunceli,84.366,56.310,28.056,2022,%67 %33
52,UÅak,375.454,287.884,87.570,2022,%77 %23
21,Van,1.128.749,1.128.749,[not 1],2022,%100 %0
61,Yalova,296.333,217.788,78.545,2022,%73 %27
47,Yozgat,418.442,276.545,141.897,2022,%66 %34
37,Zonguldak,588.510,374.309,214.201,2022,%64 %36
